-- phpMyAdmin SQL Dump
-- version 5.2.0
-- https://www.phpmyadmin.net/
--
-- Servidor: 127.0.0.1
-- Tiempo de generación: 20-09-2022 a las 20:32:22
-- Versión del servidor: 10.4.24-MariaDB
-- Versión de PHP: 8.1.6

SET SQL_MODE = "NO_AUTO_VALUE_ON_ZERO";
START TRANSACTION;
SET time_zone = "+00:00";


/*!40101 SET @OLD_CHARACTER_SET_CLIENT=@@CHARACTER_SET_CLIENT */;
/*!40101 SET @OLD_CHARACTER_SET_RESULTS=@@CHARACTER_SET_RESULTS */;
/*!40101 SET @OLD_COLLATION_CONNECTION=@@COLLATION_CONNECTION */;
/*!40101 SET NAMES utf8mb4 */;

--
-- Base de datos: `tukicitas`
--

-- --------------------------------------------------------

--
-- Estructura Stand-in para la vista `citacionestudiante`
-- (Véase abajo para la vista actual)
--
CREATE TABLE `citacionestudiante` (
`apellidos` varchar(45)
,`nombres` varchar(20)
,`idestudiantes` int(11)
,`lugar` varchar(20)
);

-- --------------------------------------------------------

--
-- Estructura de tabla para la tabla `citas`
--

CREATE TABLE `citas` (
  `idCitas` int(11) NOT NULL,
  `idProfesor` int(11) NOT NULL,
  `idEstudiante` int(15) NOT NULL,
  `fechahoraCita` datetime NOT NULL,
  `lugar` varchar(20) NOT NULL,
  `asignatura` varchar(20) NOT NULL,
  `motivo` varchar(12) NOT NULL
) ENGINE=InnoDB DEFAULT CHARSET=utf8mb4;

--
-- Volcado de datos para la tabla `citas`
--

INSERT INTO `citas` (`idCitas`, `idProfesor`, `idEstudiante`, `fechahoraCita`, `lugar`, `asignatura`, `motivo`) VALUES
(2, 100001, 10001, '2022-08-25 09:13:00', 'Unidad', 'Fisica', 'Otros'),
(3, 100002, 10002, '2022-04-13 13:23:00', 'Salon', 'Tecnologia', 'Academicos'),
(4, 100003, 10003, '2022-08-01 07:08:00', 'Sala de Profesores', 'Sociales', 'Academicos'),
(5, 100004, 10004, '2022-01-06 09:55:00', 'Unidad', 'Artes', 'Otros'),
(6, 100005, 10005, '2022-08-07 16:43:00', 'Sala de Profesores', 'Tecnologia', 'Academicos'),
(7, 100006, 10006, '2022-04-15 09:58:00', 'Salon', 'Quimica', 'Academicos'),
(8, 100007, 10007, '2022-04-25 09:07:00', 'Rectoria', 'Edu.Fisica', 'Otros'),
(9, 100008, 10008, '2022-01-16 15:20:00', 'Unidad', 'Edu.Fisica', 'Otros'),
(10, 100009, 10009, '2022-02-14 16:44:00', 'Salon', 'Tecnologia', 'Academicos'),
(11, 100010, 10010, '2022-04-08 10:38:00', 'Rectoria', 'Artes', 'Academicos'),
(12, 100011, 10011, '2022-05-13 08:15:00', 'Salon', 'Fisica', 'Otros'),
(13, 100012, 10012, '2022-05-21 16:22:00', 'Salon', 'Tecnologia', 'Academicos'),
(14, 100013, 10013, '2022-01-09 07:20:00', 'Sala de Profesores', 'Politica', 'Otros'),
(15, 100014, 10014, '2022-02-20 13:40:00', 'Salon', 'Ingles', 'Otros'),
(16, 100015, 10015, '2022-07-08 14:00:00', 'Salon', 'Edu.Fisica', 'Otros'),
(17, 100016, 10016, '2022-01-22 15:20:00', 'Salon', 'Español', 'Academicos'),
(18, 100017, 10017, '2022-06-27 13:42:00', 'Salon', 'Artes', 'Otros'),
(19, 100018, 10018, '2022-08-14 07:45:00', 'Salon', 'Matematicas', 'Otros'),
(20, 100019, 10019, '2022-08-17 09:26:00', 'Sala de Profesores', 'Artes', 'Otros'),
(21, 100020, 10020, '2022-08-03 13:53:00', 'Salon', 'Edu.Fisica', 'Otros'),
(22, 100021, 10021, '2022-07-08 11:15:00', 'Sala de Profesores', 'Edu.Fisica', 'Otros'),
(23, 100022, 10022, '2022-03-18 07:54:00', 'Salon', 'Sociales', 'Academicos'),
(24, 100023, 10023, '2022-02-09 16:25:00', 'Rectoria', 'Sociales', 'Academicos'),
(25, 100024, 10024, '2022-02-21 15:41:00', 'Rectoria', 'Politica', 'Otros'),
(26, 100025, 10025, '2022-04-16 13:36:00', 'Salon', 'Politica', 'Academicos'),
(27, 100026, 10026, '2022-06-18 12:13:00', 'Salon', 'Filosofia', 'Otros'),
(28, 100027, 10027, '2022-04-06 10:51:00', 'Salon', 'Quimica', 'Academicos'),
(29, 100028, 10028, '2022-07-24 12:28:00', 'Sala de Profesores', 'Matematicas', 'Academicos'),
(30, 100029, 10029, '2022-02-08 16:45:00', 'Salon', 'Ingles', 'Otros'),
(31, 100030, 10030, '2022-07-30 13:55:00', 'Sala de Profesores', 'Español', 'Otros'),
(32, 100031, 10031, '2022-04-26 10:43:00', 'Unidad', 'Filosofia', 'Otros'),
(33, 100032, 10032, '2022-02-15 07:51:00', 'Salon', 'Matematicas', 'Otros'),
(34, 100033, 10033, '2022-08-22 12:17:00', 'Rectoria', 'Edu.Fisica', 'Otros'),
(35, 100034, 10034, '2022-02-03 07:46:00', 'Unidad', 'Tecnologia', 'Academicos'),
(36, 100035, 10035, '2022-01-12 07:53:00', 'Salon', 'Sociales', 'Otros'),
(37, 100036, 10036, '2022-07-03 09:11:00', 'Unidad', 'Fisica', 'Otros'),
(38, 100037, 10037, '2022-01-19 09:26:00', 'Salon', 'Quimica', 'Academicos'),
(39, 100038, 10038, '2022-07-29 08:38:00', 'Rectoria', 'Tecnologia', 'Otros'),
(40, 100039, 10039, '2022-03-31 13:58:00', 'Salon', 'Artes', 'Otros'),
(41, 100040, 10040, '2022-07-11 14:06:00', 'Rectoria', 'Fisica', 'Otros'),
(42, 100041, 10041, '2022-03-24 12:07:00', 'Sala de Profesores', 'Filosofia', 'Otros'),
(43, 100042, 10042, '2022-03-13 16:32:00', 'Salon', 'Politica', 'Otros'),
(44, 100043, 10043, '2022-07-22 10:28:00', 'Unidad', 'Edu.Fisica', 'Academicos'),
(45, 100044, 10044, '2022-05-27 10:29:00', 'Unidad', 'Matematicas', 'Academicos'),
(46, 100045, 10045, '2022-06-29 07:48:00', 'Unidad', 'Edu.Fisica', 'Otros'),
(47, 100046, 10046, '2022-02-20 13:36:00', 'Unidad', 'Filosofia', 'Otros'),
(48, 100047, 10047, '2022-03-30 07:55:00', 'Rectoria', 'Fisica', 'Otros'),
(49, 100048, 10048, '2022-03-28 13:55:00', 'Sala de Profesores', 'Matematicas', 'Otros'),
(50, 100049, 10049, '2022-03-08 09:37:00', 'Sala de Profesores', 'Artes', 'Otros'),
(51, 100050, 10050, '2022-07-19 11:39:00', 'Rectoria', 'Politica', 'Otros'),
(52, 100051, 10051, '2022-01-01 13:42:00', 'Rectoria', 'Filosofia', 'Academicos'),
(53, 100052, 10052, '2022-06-12 09:16:00', 'Sala de Profesores', 'Sociales', 'Otros'),
(54, 100053, 10053, '2022-03-16 08:43:00', 'Salon', 'Fisica', 'Otros'),
(55, 100054, 10054, '2022-06-11 13:53:00', 'Salon', 'Filosofia', 'Otros'),
(56, 100055, 10055, '2022-02-21 09:48:00', 'Salon', 'Filosofia', 'Otros'),
(57, 100056, 10056, '2022-08-14 10:40:00', 'Salon', 'Artes', 'Academicos'),
(58, 100057, 10057, '2022-07-01 10:41:00', 'Salon', 'Quimica', 'Academicos'),
(59, 100058, 10058, '2022-08-23 08:58:00', 'Unidad', 'Tecnologia', 'Otros'),
(60, 100059, 10059, '2022-05-16 14:53:00', 'Salon', 'Filosofia', 'Otros'),
(61, 100060, 10060, '2022-03-09 07:45:00', 'Rectoria', 'Matematicas', 'Academicos'),
(62, 100061, 10061, '2022-07-27 15:10:00', 'Sala de Profesores', 'Artes', 'Academicos'),
(63, 100062, 10062, '2022-07-27 11:01:00', 'Unidad', 'Artes', 'Academicos'),
(64, 100063, 10063, '2022-06-05 08:53:00', 'Unidad', 'Sociales', 'Academicos'),
(65, 100064, 10064, '2022-05-16 16:23:00', 'Rectoria', 'Fisica', 'Otros'),
(66, 100065, 10065, '2022-03-06 15:50:00', 'Unidad', 'Tecnologia', 'Academicos'),
(67, 100066, 10066, '2022-08-14 15:11:00', 'Unidad', 'Quimica', 'Academicos'),
(68, 100067, 10067, '2022-03-05 11:27:00', 'Salon', 'Quimica', 'Academicos'),
(69, 100068, 10068, '2022-03-25 16:04:00', 'Unidad', 'Filosofia', 'Academicos'),
(70, 100069, 10069, '2022-02-23 09:40:00', 'Salon', 'Tecnologia', 'Otros'),
(71, 100070, 10070, '2022-07-18 13:18:00', 'Sala de Profesores', 'Fisica', 'Academicos'),
(72, 100071, 10071, '2022-06-20 13:42:00', 'Sala de Profesores', 'Ingles', 'Otros'),
(73, 100072, 10072, '2022-06-30 10:35:00', 'Rectoria', 'Sociales', 'Otros'),
(74, 100073, 10073, '2022-02-13 08:50:00', 'Sala de Profesores', 'Sociales', 'Otros'),
(75, 100074, 10074, '2022-07-01 10:07:00', 'Rectoria', 'Filosofia', 'Academicos'),
(76, 100075, 10075, '2022-06-17 07:00:00', 'Salon', 'Tecnologia', 'Otros'),
(77, 100076, 10076, '2022-06-17 07:04:00', 'Unidad', 'Filosofia', 'Academicos'),
(78, 100077, 10077, '2022-07-04 07:06:00', 'Rectoria', 'Quimica', 'Academicos'),
(79, 100078, 10078, '2022-01-23 16:15:00', 'Unidad', 'Filosofia', 'Academicos'),
(80, 100079, 10079, '2022-01-20 15:05:00', 'Unidad', 'Fisica', 'Otros'),
(81, 100080, 10080, '2022-07-10 14:45:00', 'Sala de Profesores', 'Quimica', 'Academicos'),
(82, 100081, 10081, '2022-04-07 08:59:00', 'Sala de Profesores', 'Politica', 'Otros'),
(83, 100082, 10082, '2022-04-23 12:54:00', 'Sala de Profesores', 'Edu.Fisica', 'Otros'),
(84, 100083, 10083, '2022-07-06 14:18:00', 'Unidad', 'Sociales', 'Otros'),
(85, 100084, 10084, '2022-02-22 10:08:00', 'Sala de Profesores', 'Quimica', 'Academicos'),
(86, 100085, 10085, '2022-02-23 13:08:00', 'Unidad', 'Quimica', 'Academicos'),
(87, 100086, 10086, '2022-06-09 11:19:00', 'Sala de Profesores', 'Español', 'Otros'),
(88, 100087, 10087, '2022-05-07 11:57:00', 'Unidad', 'Ingles', 'Otros'),
(89, 100088, 10088, '2022-08-03 07:46:00', 'Salon', 'Fisica', 'Academicos'),
(90, 100089, 10089, '2022-02-17 07:36:00', 'Sala de Profesores', 'Sociales', 'Academicos'),
(91, 100090, 10090, '2022-02-05 13:53:00', 'Unidad', 'Quimica', 'Otros'),
(92, 100091, 10091, '2022-08-11 12:56:00', 'Sala de Profesores', 'Edu.Fisica', 'Academicos'),
(93, 100092, 10092, '2022-03-05 12:04:00', 'Sala de Profesores', 'Politica', 'Academicos'),
(94, 100093, 10093, '2022-01-14 13:02:00', 'Salon', 'Ingles', 'Academicos'),
(95, 100094, 10094, '2022-06-29 08:40:00', 'Unidad', 'Sociales', 'Otros'),
(96, 100095, 10095, '2022-06-26 12:51:00', 'Unidad', 'Fisica', 'Otros'),
(97, 100096, 10096, '2022-03-25 07:14:00', 'Sala de Profesores', 'Filosofia', 'Academicos'),
(98, 100097, 10097, '2022-08-14 13:00:00', 'Unidad', 'Filosofia', 'Academicos'),
(99, 100098, 10098, '2022-07-20 13:59:00', 'Rectoria', 'Quimica', 'Otros'),
(100, 100099, 10099, '2022-04-11 10:41:00', 'Unidad', 'Artes', 'Academicos'),
(101, 100100, 10100, '2022-07-12 13:14:00', 'Unidad', 'Filosofia', 'Academicos'),
(102, 100101, 10101, '2022-04-20 12:25:00', 'Sala de Profesores', 'Sociales', 'Otros'),
(103, 100102, 10102, '2022-07-14 08:10:00', 'Sala de Profesores', 'Español', 'Academicos'),
(104, 100103, 10103, '2022-03-14 10:45:00', 'Unidad', 'Politica', 'Otros'),
(105, 100104, 10104, '2022-05-08 13:09:00', 'Unidad', 'Edu.Fisica', 'Academicos'),
(106, 100105, 10105, '2022-03-13 11:03:00', 'Rectoria', 'Politica', 'Academicos'),
(107, 100106, 10106, '2022-07-11 09:58:00', 'Salon', 'Edu.Fisica', 'Academicos'),
(108, 100107, 10107, '2022-02-16 07:32:00', 'Sala de Profesores', 'Tecnologia', 'Academicos'),
(109, 100108, 10108, '2022-05-12 08:41:00', 'Sala de Profesores', 'Politica', 'Academicos'),
(110, 100109, 10109, '2022-05-07 15:35:00', 'Rectoria', 'Matematicas', 'Academicos'),
(111, 100110, 10110, '2022-01-19 10:54:00', 'Unidad', 'Sociales', 'Otros'),
(112, 100111, 10111, '2022-07-31 10:54:00', 'Salon', 'Politica', 'Otros'),
(113, 100112, 10112, '2022-04-25 10:36:00', 'Sala de Profesores', 'Edu.Fisica', 'Academicos'),
(114, 100113, 10113, '2022-04-22 11:22:00', 'Unidad', 'Artes', 'Academicos'),
(115, 100114, 10114, '2022-06-17 10:58:00', 'Unidad', 'Artes', 'Academicos'),
(116, 100115, 10115, '2022-06-04 09:29:00', 'Unidad', 'Politica', 'Otros'),
(117, 100116, 10116, '2022-05-20 14:09:00', 'Unidad', 'Politica', 'Otros'),
(118, 100117, 10117, '2022-03-16 10:32:00', 'Sala de Profesores', 'Edu.Fisica', 'Otros'),
(119, 100118, 10118, '2022-03-07 14:37:00', 'Salon', 'Fisica', 'Otros'),
(120, 100119, 10119, '2022-05-05 09:05:00', 'Salon', 'Artes', 'Academicos'),
(121, 100120, 10120, '2022-02-19 09:15:00', 'Rectoria', 'Filosofia', 'Otros'),
(122, 100121, 10121, '2022-04-07 15:34:00', 'Unidad', 'Matematicas', 'Otros'),
(123, 100122, 10122, '2022-08-04 16:08:00', 'Unidad', 'Edu.Fisica', 'Otros'),
(124, 100123, 10123, '2022-02-01 11:53:00', 'Unidad', 'Quimica', 'Academicos'),
(125, 100124, 10124, '2022-08-25 10:05:00', 'Salon', 'Matematicas', 'Otros'),
(126, 100125, 10125, '2022-04-04 08:51:00', 'Unidad', 'Edu.Fisica', 'Otros'),
(127, 100126, 10126, '2022-02-14 13:13:00', 'Salon', 'Fisica', 'Otros'),
(128, 100127, 10127, '2022-04-20 10:05:00', 'Rectoria', 'Ingles', 'Academicos'),
(129, 100128, 10128, '2022-08-04 16:14:00', 'Unidad', 'Politica', 'Academicos'),
(130, 100129, 10129, '2022-04-18 13:51:00', 'Rectoria', 'Ingles', 'Otros'),
(131, 100130, 10130, '2022-05-12 14:29:00', 'Rectoria', 'Filosofia', 'Academicos'),
(132, 100131, 10131, '2022-03-15 13:35:00', 'Rectoria', 'Filosofia', 'Otros'),
(133, 100132, 10132, '2022-07-23 16:44:00', 'Sala de Profesores', 'Filosofia', 'Otros'),
(134, 100133, 10133, '2022-03-03 14:26:00', 'Sala de Profesores', 'Sociales', 'Otros'),
(135, 100134, 10134, '2022-05-11 13:18:00', 'Salon', 'Tecnologia', 'Otros'),
(136, 100135, 10135, '2022-05-06 07:51:00', 'Sala de Profesores', 'Quimica', 'Academicos'),
(137, 100136, 10136, '2022-07-24 13:26:00', 'Salon', 'Edu.Fisica', 'Academicos'),
(138, 100137, 10137, '2022-03-01 10:06:00', 'Sala de Profesores', 'Quimica', 'Otros'),
(139, 100138, 10138, '2022-02-07 11:38:00', 'Sala de Profesores', 'Fisica', 'Otros'),
(140, 100139, 10139, '2022-01-17 08:04:00', 'Salon', 'Español', 'Otros'),
(141, 100140, 10140, '2022-08-06 16:11:00', 'Rectoria', 'Ingles', 'Academicos'),
(142, 100141, 10141, '2022-08-18 13:34:00', 'Salon', 'Matematicas', 'Otros'),
(143, 100142, 10142, '2022-04-08 11:25:00', 'Sala de Profesores', 'Matematicas', 'Otros'),
(144, 100143, 10143, '2022-07-22 10:54:00', 'Rectoria', 'Ingles', 'Academicos'),
(145, 100144, 10144, '2022-08-01 09:30:00', 'Rectoria', 'Filosofia', 'Academicos'),
(146, 100145, 10145, '2022-03-07 07:15:00', 'Unidad', 'Edu.Fisica', 'Academicos'),
(147, 100146, 10146, '2022-03-07 11:37:00', 'Sala de Profesores', 'Quimica', 'Otros'),
(148, 100147, 10147, '2022-07-06 10:08:00', 'Sala de Profesores', 'Artes', 'Otros'),
(149, 100148, 10148, '2022-02-07 16:22:00', 'Rectoria', 'Fisica', 'Otros'),
(150, 100149, 10149, '2022-07-06 12:20:00', 'Rectoria', 'Quimica', 'Otros'),
(151, 100150, 10150, '2022-01-13 07:34:00', 'Rectoria', 'Edu.Fisica', 'Otros'),
(152, 100151, 10151, '2022-06-11 11:54:00', 'Unidad', 'Politica', 'Otros'),
(153, 100152, 10152, '2022-05-07 08:28:00', 'Unidad', 'Fisica', 'Otros'),
(154, 100153, 10153, '2022-03-11 16:13:00', 'Unidad', 'Filosofia', 'Academicos'),
(155, 100154, 10154, '2022-06-29 13:04:00', 'Unidad', 'Tecnologia', 'Otros'),
(156, 100155, 10155, '2022-05-04 11:48:00', 'Rectoria', 'Matematicas', 'Otros'),
(157, 100156, 10156, '2022-08-07 10:36:00', 'Salon', 'Ingles', 'Otros'),
(158, 100157, 10157, '2022-02-26 16:51:00', 'Salon', 'Tecnologia', 'Otros'),
(159, 100158, 10158, '2022-04-21 12:01:00', 'Unidad', 'Artes', 'Otros'),
(160, 100159, 10159, '2022-03-19 12:20:00', 'Sala de Profesores', 'Fisica', 'Otros'),
(161, 100160, 10160, '2022-02-27 16:53:00', 'Salon', 'Matematicas', 'Academicos'),
(162, 100161, 10161, '2022-04-18 12:30:00', 'Salon', 'Politica', 'Otros'),
(163, 100162, 10162, '2022-02-04 07:36:00', 'Rectoria', 'Edu.Fisica', 'Academicos'),
(164, 100163, 10163, '2022-07-20 10:29:00', 'Rectoria', 'Fisica', 'Academicos'),
(165, 100164, 10164, '2022-03-13 09:23:00', 'Sala de Profesores', 'Quimica', 'Academicos'),
(166, 100165, 10165, '2022-03-26 07:37:00', 'Salon', 'Quimica', 'Academicos'),
(167, 100166, 10166, '2022-01-13 12:01:00', 'Rectoria', 'Sociales', 'Academicos'),
(168, 100167, 10167, '2022-06-12 11:54:00', 'Salon', 'Español', 'Otros'),
(169, 100168, 10168, '2022-05-31 10:49:00', 'Sala de Profesores', 'Artes', 'Otros'),
(170, 100169, 10169, '2022-07-12 09:32:00', 'Salon', 'Ingles', 'Academicos'),
(171, 100170, 10170, '2022-02-14 08:08:00', 'Salon', 'Matematicas', 'Academicos'),
(172, 100171, 10171, '2022-06-01 07:58:00', 'Sala de Profesores', 'Filosofia', 'Otros'),
(173, 100172, 10172, '2022-08-22 12:46:00', 'Sala de Profesores', 'Politica', 'Academicos'),
(174, 100173, 10173, '2022-06-14 07:12:00', 'Salon', 'Fisica', 'Academicos'),
(175, 100174, 10174, '2022-02-23 07:04:00', 'Rectoria', 'Tecnologia', 'Academicos'),
(176, 100175, 10175, '2022-03-18 14:29:00', 'Unidad', 'Ingles', 'Otros'),
(177, 100176, 10176, '2022-07-08 09:39:00', 'Unidad', 'Filosofia', 'Otros'),
(178, 100177, 10177, '2022-07-11 12:39:00', 'Unidad', 'Quimica', 'Otros'),
(179, 100178, 10178, '2022-05-24 12:39:00', 'Sala de Profesores', 'Ingles', 'Otros'),
(180, 100179, 10179, '2022-06-04 11:15:00', 'Unidad', 'Filosofia', 'Otros'),
(181, 100180, 10180, '2022-01-15 11:05:00', 'Unidad', 'Fisica', 'Otros'),
(182, 100181, 10181, '2022-03-07 16:15:00', 'Salon', 'Ingles', 'Otros'),
(183, 100182, 10182, '2022-04-21 10:52:00', 'Rectoria', 'Tecnologia', 'Academicos'),
(184, 100183, 10183, '2022-08-19 12:28:00', 'Salon', 'Filosofia', 'Otros'),
(185, 100184, 10184, '2022-04-14 15:37:00', 'Unidad', 'Sociales', 'Otros'),
(186, 100185, 10185, '2022-01-12 10:37:00', 'Sala de Profesores', 'Artes', 'Otros'),
(187, 100186, 10186, '2022-02-07 13:03:00', 'Rectoria', 'Fisica', 'Otros'),
(188, 100187, 10187, '2022-02-09 13:57:00', 'Unidad', 'Tecnologia', 'Otros'),
(189, 100188, 10188, '2022-05-03 12:47:00', 'Unidad', 'Politica', 'Academicos'),
(190, 100189, 10189, '2022-03-16 13:35:00', 'Unidad', 'Español', 'Academicos'),
(191, 100190, 10190, '2022-04-12 15:14:00', 'Sala de Profesores', 'Matematicas', 'Otros'),
(192, 100191, 10191, '2022-03-31 10:29:00', 'Rectoria', 'Edu.Fisica', 'Academicos'),
(193, 100192, 10192, '2022-08-23 13:54:00', 'Unidad', 'Edu.Fisica', 'Otros'),
(194, 100193, 10193, '2022-02-09 15:29:00', 'Unidad', 'Matematicas', 'Academicos'),
(195, 100194, 10194, '2022-03-30 14:20:00', 'Rectoria', 'Tecnologia', 'Otros'),
(196, 100195, 10195, '2022-06-19 16:57:00', 'Salon', 'Ingles', 'Otros'),
(197, 100196, 10196, '2022-04-02 13:48:00', 'Salon', 'Artes', 'Otros'),
(198, 100197, 10197, '2022-07-01 09:54:00', 'Unidad', 'Politica', 'Academicos'),
(199, 100198, 10198, '2022-05-11 07:02:00', 'Sala de Profesores', 'Edu.Fisica', 'Academicos'),
(200, 100199, 10199, '2022-06-12 14:45:00', 'Salon', 'Matematicas', 'Academicos'),
(201, 100200, 10200, '2022-03-15 11:12:00', 'Salon', 'Ingles', 'Academicos'),
(202, 100201, 10201, '2022-01-04 16:26:00', 'Rectoria', 'Tecnologia', 'Otros'),
(203, 100202, 10202, '2022-06-03 12:21:00', 'Unidad', 'Tecnologia', 'Academicos'),
(204, 100203, 10203, '2022-06-21 14:54:00', 'Rectoria', 'Español', 'Otros'),
(205, 100204, 10204, '2022-06-11 07:37:00', 'Unidad', 'Filosofia', 'Otros'),
(206, 100205, 10205, '2022-01-02 13:39:00', 'Salon', 'Sociales', 'Otros'),
(207, 100206, 10206, '2022-07-21 10:26:00', 'Salon', 'Tecnologia', 'Academicos'),
(208, 100207, 10207, '2022-02-04 10:54:00', 'Sala de Profesores', 'Edu.Fisica', 'Academicos'),
(209, 100208, 10208, '2022-04-08 16:28:00', 'Salon', 'Politica', 'Otros'),
(210, 100209, 10209, '2022-05-31 10:40:00', 'Sala de Profesores', 'Filosofia', 'Academicos'),
(211, 100210, 10210, '2022-03-01 13:07:00', 'Salon', 'Español', 'Otros'),
(212, 100211, 10211, '2022-02-01 12:45:00', 'Unidad', 'Sociales', 'Otros'),
(213, 100212, 10212, '2022-07-24 16:35:00', 'Salon', 'Sociales', 'Academicos'),
(214, 100213, 10213, '2022-08-11 12:43:00', 'Salon', 'Fisica', 'Academicos'),
(215, 100214, 10214, '2022-07-12 12:29:00', 'Salon', 'Tecnologia', 'Otros'),
(216, 100215, 10215, '2022-05-17 16:52:00', 'Rectoria', 'Edu.Fisica', 'Otros'),
(217, 100216, 10216, '2022-05-02 15:19:00', 'Unidad', 'Sociales', 'Academicos'),
(218, 100217, 10217, '2022-06-05 16:29:00', 'Sala de Profesores', 'Artes', 'Academicos'),
(219, 100218, 10218, '2022-02-11 09:51:00', 'Rectoria', 'Fisica', 'Otros'),
(220, 100219, 10219, '2022-03-11 13:04:00', 'Rectoria', 'Tecnologia', 'Otros'),
(221, 100220, 10220, '2022-03-31 12:46:00', 'Sala de Profesores', 'Artes', 'Otros'),
(222, 100221, 10221, '2022-07-07 13:38:00', 'Unidad', 'Sociales', 'Otros'),
(223, 100222, 10222, '2022-08-16 16:17:00', 'Salon', 'Fisica', 'Otros'),
(224, 100223, 10223, '2022-04-29 09:37:00', 'Sala de Profesores', 'Politica', 'Academicos'),
(225, 100224, 10224, '2022-02-25 16:55:00', 'Unidad', 'Ingles', 'Academicos'),
(226, 100225, 10225, '2022-04-21 09:22:00', 'Rectoria', 'Politica', 'Otros'),
(227, 100226, 10226, '2022-03-01 08:12:00', 'Rectoria', 'Tecnologia', 'Otros'),
(228, 100227, 10227, '2022-07-04 14:24:00', 'Sala de Profesores', 'Filosofia', 'Academicos'),
(229, 100228, 10228, '2022-05-30 09:28:00', 'Salon', 'Politica', 'Otros'),
(230, 100229, 10229, '2022-06-25 14:07:00', 'Rectoria', 'Sociales', 'Otros'),
(231, 100230, 10230, '2022-06-18 14:53:00', 'Unidad', 'Artes', 'Academicos'),
(232, 100231, 10231, '2022-06-28 10:42:00', 'Unidad', 'Español', 'Otros'),
(233, 100232, 10232, '2022-06-13 16:09:00', 'Salon', 'Artes', 'Academicos'),
(234, 100233, 10233, '2022-04-16 16:15:00', 'Sala de Profesores', 'Matematicas', 'Academicos'),
(235, 100234, 10234, '2022-05-26 15:27:00', 'Rectoria', 'Filosofia', 'Otros'),
(236, 100235, 10235, '2022-07-16 15:17:00', 'Rectoria', 'Ingles', 'Academicos'),
(237, 100236, 10236, '2022-06-20 10:54:00', 'Salon', 'Politica', 'Otros'),
(238, 100237, 10237, '2022-02-28 15:51:00', 'Salon', 'Ingles', 'Academicos'),
(239, 100238, 10238, '2022-03-10 15:34:00', 'Salon', 'Español', 'Otros'),
(240, 100239, 10239, '2022-06-01 15:35:00', 'Sala de Profesores', 'Tecnologia', 'Otros'),
(241, 100240, 10240, '2022-06-03 07:11:00', 'Salon', 'Politica', 'Academicos'),
(242, 100241, 10241, '2022-05-26 12:56:00', 'Unidad', 'Politica', 'Academicos'),
(243, 100242, 10242, '2022-01-18 12:42:00', 'Salon', 'Tecnologia', 'Otros'),
(244, 100243, 10243, '2022-07-17 14:15:00', 'Rectoria', 'Quimica', 'Academicos'),
(245, 100244, 10244, '2022-06-07 11:17:00', 'Unidad', 'Quimica', 'Academicos'),
(246, 100245, 10245, '2022-07-06 16:04:00', 'Unidad', 'Filosofia', 'Academicos'),
(247, 100246, 10246, '2022-04-07 16:20:00', 'Unidad', 'Matematicas', 'Otros'),
(248, 100247, 10247, '2022-03-16 10:49:00', 'Unidad', 'Español', 'Academicos'),
(249, 100248, 10248, '2022-07-30 12:05:00', 'Salon', 'Artes', 'Otros'),
(250, 100249, 10249, '2022-05-24 13:02:00', 'Unidad', 'Ingles', 'Otros'),
(251, 100250, 10250, '2022-05-03 12:55:00', 'Unidad', 'Filosofia', 'Academicos'),
(252, 100251, 10251, '2022-01-02 07:58:00', 'Rectoria', 'Edu.Fisica', 'Otros'),
(253, 100252, 10252, '2022-07-22 15:36:00', 'Rectoria', 'Artes', 'Otros'),
(254, 100253, 10253, '2022-08-24 10:50:00', 'Rectoria', 'Fisica', 'Academicos'),
(255, 100254, 10254, '2022-04-10 15:23:00', 'Salon', 'Filosofia', 'Academicos'),
(256, 100255, 10255, '2022-02-25 13:01:00', 'Sala de Profesores', 'Politica', 'Academicos'),
(257, 100256, 10256, '2022-06-05 14:45:00', 'Rectoria', 'Politica', 'Otros'),
(258, 100257, 10257, '2022-07-18 15:21:00', 'Sala de Profesores', 'Sociales', 'Academicos'),
(259, 100258, 10258, '2022-03-22 10:08:00', 'Rectoria', 'Matematicas', 'Otros'),
(260, 100259, 10259, '2022-07-15 09:37:00', 'Unidad', 'Ingles', 'Academicos'),
(261, 100260, 10260, '2022-03-11 11:37:00', 'Rectoria', 'Matematicas', 'Otros'),
(262, 100261, 10261, '2022-01-01 07:38:00', 'Sala de Profesores', 'Tecnologia', 'Academicos'),
(263, 100262, 10262, '2022-01-30 10:55:00', 'Sala de Profesores', 'Fisica', 'Academicos'),
(264, 100263, 10263, '2022-08-13 14:44:00', 'Unidad', 'Español', 'Otros'),
(265, 100264, 10264, '2022-07-12 15:53:00', 'Rectoria', 'Artes', 'Academicos'),
(266, 100265, 10265, '2022-04-08 10:43:00', 'Sala de Profesores', 'Artes', 'Academicos'),
(267, 100266, 10266, '2022-07-05 15:15:00', 'Sala de Profesores', 'Fisica', 'Otros'),
(268, 100267, 10267, '2022-07-31 14:54:00', 'Sala de Profesores', 'Español', 'Otros'),
(269, 100268, 10268, '2022-03-05 16:30:00', 'Unidad', 'Tecnologia', 'Otros'),
(270, 100269, 10269, '2022-05-04 11:57:00', 'Rectoria', 'Artes', 'Academicos'),
(271, 100270, 10270, '2022-01-12 15:25:00', 'Rectoria', 'Tecnologia', 'Academicos'),
(272, 100271, 10271, '2022-02-18 16:48:00', 'Salon', 'Filosofia', 'Academicos'),
(273, 100272, 10272, '2022-04-13 14:27:00', 'Rectoria', 'Edu.Fisica', 'Academicos'),
(274, 100273, 10273, '2022-06-03 07:20:00', 'Rectoria', 'Fisica', 'Academicos'),
(275, 100274, 10274, '2022-01-30 08:56:00', 'Unidad', 'Fisica', 'Academicos'),
(276, 100275, 10275, '2022-04-21 15:20:00', 'Sala de Profesores', 'Español', 'Academicos'),
(277, 100276, 10276, '2022-01-26 11:52:00', 'Unidad', 'Artes', 'Otros'),
(278, 100277, 10277, '2022-05-01 13:59:00', 'Rectoria', 'Español', 'Otros'),
(279, 100278, 10278, '2022-06-15 07:19:00', 'Rectoria', 'Fisica', 'Otros'),
(280, 100279, 10279, '2022-04-09 12:41:00', 'Salon', 'Artes', 'Otros'),
(281, 100280, 10280, '2022-07-23 12:46:00', 'Unidad', 'Politica', 'Academicos'),
(282, 100281, 10281, '2022-05-13 09:02:00', 'Rectoria', 'Quimica', 'Otros'),
(283, 100282, 10282, '2022-04-08 11:10:00', 'Sala de Profesores', 'Español', 'Otros'),
(284, 100283, 10283, '2022-04-22 11:41:00', 'Sala de Profesores', 'Tecnologia', 'Otros'),
(285, 100284, 10284, '2022-04-06 10:05:00', 'Salon', 'Quimica', 'Academicos'),
(286, 100285, 10285, '2022-02-14 13:29:00', 'Unidad', 'Filosofia', 'Academicos'),
(287, 100286, 10286, '2022-01-26 16:14:00', 'Unidad', 'Quimica', 'Academicos'),
(288, 100287, 10287, '2022-03-11 14:57:00', 'Unidad', 'Fisica', 'Academicos'),
(289, 100288, 10288, '2022-06-01 12:39:00', 'Rectoria', 'Quimica', 'Otros'),
(290, 100289, 10289, '2022-03-25 07:38:00', 'Unidad', 'Politica', 'Otros'),
(291, 100290, 10290, '2022-06-23 11:47:00', 'Sala de Profesores', 'Fisica', 'Otros'),
(292, 100291, 10291, '2022-08-16 08:50:00', 'Rectoria', 'Edu.Fisica', 'Academicos'),
(293, 100292, 10292, '2022-08-10 09:08:00', 'Rectoria', 'Edu.Fisica', 'Otros'),
(294, 100293, 10293, '2022-05-13 07:50:00', 'Unidad', 'Español', 'Academicos'),
(295, 100294, 10294, '2022-02-24 12:45:00', 'Sala de Profesores', 'Artes', 'Academicos'),
(296, 100295, 10295, '2022-06-25 09:52:00', 'Rectoria', 'Sociales', 'Otros'),
(297, 100296, 10296, '2022-01-21 07:56:00', 'Unidad', 'Artes', 'Academicos'),
(298, 100297, 10297, '2022-02-22 15:30:00', 'Sala de Profesores', 'Artes', 'Otros'),
(299, 100298, 10298, '2022-04-25 09:22:00', 'Salon', 'Artes', 'Academicos'),
(300, 100299, 10299, '2022-04-24 08:05:00', 'Rectoria', 'Filosofia', 'Academicos'),
(301, 100300, 10300, '2022-02-28 12:22:00', 'Unidad', 'Ingles', 'Otros'),
(302, 100301, 10301, '2022-03-20 14:31:00', 'Sala de Profesores', 'Quimica', 'Otros'),
(303, 100302, 10302, '2022-08-17 13:48:00', 'Salon', 'Sociales', 'Otros'),
(304, 100303, 10303, '2022-03-12 16:06:00', 'Rectoria', 'Sociales', 'Academicos'),
(305, 100304, 10304, '2022-03-02 10:03:00', 'Salon', 'Tecnologia', 'Academicos'),
(306, 100305, 10305, '2022-07-17 11:19:00', 'Salon', 'Edu.Fisica', 'Academicos'),
(307, 100306, 10306, '2022-01-30 13:37:00', 'Rectoria', 'Quimica', 'Academicos'),
(308, 100307, 10307, '2022-03-08 11:45:00', 'Sala de Profesores', 'Fisica', 'Academicos'),
(309, 100308, 10308, '2022-08-16 10:51:00', 'Sala de Profesores', 'Quimica', 'Academicos'),
(310, 100309, 10309, '2022-03-08 15:54:00', 'Salon', 'Fisica', 'Otros'),
(311, 100310, 10310, '2022-02-22 15:21:00', 'Salon', 'Politica', 'Academicos'),
(312, 100311, 10311, '2022-07-14 16:14:00', 'Salon', 'Tecnologia', 'Otros'),
(313, 100312, 10312, '2022-03-26 16:24:00', 'Rectoria', 'Español', 'Academicos'),
(314, 100313, 10313, '2022-07-29 15:22:00', 'Rectoria', 'Politica', 'Academicos'),
(315, 100314, 10314, '2022-08-24 12:51:00', 'Unidad', 'Ingles', 'Academicos'),
(316, 100315, 10315, '2022-01-07 08:12:00', 'Sala de Profesores', 'Filosofia', 'Otros'),
(317, 100316, 10316, '2022-04-28 10:52:00', 'Unidad', 'Filosofia', 'Academicos'),
(318, 100317, 10317, '2022-03-26 10:05:00', 'Sala de Profesores', 'Ingles', 'Otros'),
(319, 100318, 10318, '2022-03-12 12:42:00', 'Sala de Profesores', 'Artes', 'Academicos'),
(320, 100319, 10319, '2022-05-31 16:19:00', 'Sala de Profesores', 'Matematicas', 'Academicos'),
(321, 100320, 10320, '2022-03-23 10:41:00', 'Sala de Profesores', 'Tecnologia', 'Otros'),
(322, 100321, 10321, '2022-06-30 16:13:00', 'Sala de Profesores', 'Español', 'Otros'),
(323, 100322, 10322, '2022-08-12 11:59:00', 'Unidad', 'Sociales', 'Otros'),
(324, 100323, 10323, '2022-02-19 14:03:00', 'Sala de Profesores', 'Ingles', 'Otros'),
(325, 100324, 10324, '2022-07-11 16:01:00', 'Rectoria', 'Tecnologia', 'Otros'),
(326, 100325, 10325, '2022-05-01 07:34:00', 'Unidad', 'Politica', 'Otros'),
(327, 100326, 10326, '2022-06-25 11:14:00', 'Sala de Profesores', 'Sociales', 'Academicos'),
(328, 100327, 10327, '2022-01-11 09:28:00', 'Unidad', 'Matematicas', 'Academicos'),
(329, 100328, 10328, '2022-08-16 15:57:00', 'Unidad', 'Edu.Fisica', 'Academicos'),
(330, 100329, 10329, '2022-06-11 15:59:00', 'Rectoria', 'Sociales', 'Academicos'),
(331, 100330, 10330, '2022-06-01 13:55:00', 'Salon', 'Fisica', 'Otros'),
(332, 100331, 10331, '2022-02-10 15:25:00', 'Rectoria', 'Filosofia', 'Academicos'),
(333, 100332, 10332, '2022-07-22 15:29:00', 'Sala de Profesores', 'Sociales', 'Otros'),
(334, 100333, 10333, '2022-08-07 09:16:00', 'Salon', 'Tecnologia', 'Academicos'),
(335, 100334, 10334, '2022-03-10 11:26:00', 'Salon', 'Español', 'Otros'),
(336, 100335, 10335, '2022-01-27 15:03:00', 'Rectoria', 'Politica', 'Academicos'),
(337, 100336, 10336, '2022-02-07 12:38:00', 'Unidad', 'Tecnologia', 'Academicos'),
(338, 100337, 10337, '2022-08-11 07:06:00', 'Salon', 'Matematicas', 'Otros'),
(339, 100338, 10338, '2022-08-24 09:05:00', 'Sala de Profesores', 'Filosofia', 'Academicos'),
(340, 100339, 10339, '2022-05-04 15:32:00', 'Unidad', 'Matematicas', 'Otros'),
(341, 100340, 10340, '2022-06-08 08:00:00', 'Unidad', 'Quimica', 'Academicos'),
(342, 100341, 10341, '2022-01-19 09:25:00', 'Unidad', 'Ingles', 'Academicos'),
(343, 100342, 10342, '2022-04-28 08:28:00', 'Rectoria', 'Filosofia', 'Otros'),
(344, 100343, 10343, '2022-07-10 10:04:00', 'Sala de Profesores', 'Tecnologia', 'Otros'),
(345, 100344, 10344, '2022-06-19 08:03:00', 'Rectoria', 'Sociales', 'Otros'),
(346, 100345, 10345, '2022-03-27 07:38:00', 'Salon', 'Tecnologia', 'Academicos'),
(347, 100346, 10346, '2022-02-16 13:52:00', 'Salon', 'Edu.Fisica', 'Academicos'),
(348, 100347, 10347, '2022-04-09 15:03:00', 'Unidad', 'Tecnologia', 'Academicos'),
(349, 100348, 10348, '2022-06-15 09:03:00', 'Sala de Profesores', 'Edu.Fisica', 'Otros'),
(350, 100349, 10349, '2022-03-24 14:27:00', 'Rectoria', 'Edu.Fisica', 'Otros'),
(351, 100350, 10350, '2022-03-31 11:46:00', 'Unidad', 'Filosofia', 'Academicos'),
(352, 100351, 10351, '2022-08-03 07:57:00', 'Sala de Profesores', 'Ingles', 'Otros'),
(353, 100352, 10352, '2022-02-19 12:28:00', 'Rectoria', 'Politica', 'Otros'),
(354, 100353, 10353, '2022-03-26 15:38:00', 'Unidad', 'Filosofia', 'Otros'),
(355, 100354, 10354, '2022-01-06 10:00:00', 'Salon', 'Quimica', 'Otros'),
(356, 100355, 10355, '2022-06-25 09:09:00', 'Rectoria', 'Fisica', 'Otros'),
(357, 100356, 10356, '2022-03-18 13:45:00', 'Salon', 'Español', 'Academicos'),
(358, 100357, 10357, '2022-03-22 12:11:00', 'Sala de Profesores', 'Matematicas', 'Academicos'),
(359, 100358, 10358, '2022-03-28 13:01:00', 'Salon', 'Tecnologia', 'Otros'),
(360, 100359, 10359, '2022-04-16 07:53:00', 'Rectoria', 'Quimica', 'Otros'),
(361, 100360, 10360, '2022-08-04 15:21:00', 'Sala de Profesores', 'Edu.Fisica', 'Otros'),
(362, 100361, 10361, '2022-01-22 15:30:00', 'Salon', 'Español', 'Academicos'),
(363, 100362, 10362, '2022-01-18 07:53:00', 'Sala de Profesores', 'Matematicas', 'Otros'),
(364, 100363, 10363, '2022-02-22 09:14:00', 'Sala de Profesores', 'Filosofia', 'Otros'),
(365, 100364, 10364, '2022-06-04 13:15:00', 'Rectoria', 'Tecnologia', 'Otros'),
(366, 100365, 10365, '2022-03-02 12:22:00', 'Sala de Profesores', 'Español', 'Otros'),
(367, 100366, 10366, '2022-01-18 16:26:00', 'Rectoria', 'Politica', 'Academicos'),
(368, 100367, 10367, '2022-01-03 14:15:00', 'Salon', 'Filosofia', 'Otros'),
(369, 100368, 10368, '2022-03-07 11:32:00', 'Unidad', 'Español', 'Otros'),
(370, 100369, 10369, '2022-07-25 07:01:00', 'Sala de Profesores', 'Español', 'Otros'),
(371, 100370, 10370, '2022-05-25 15:24:00', 'Unidad', 'Artes', 'Otros'),
(372, 100371, 10371, '2022-07-24 14:11:00', 'Salon', 'Politica', 'Otros'),
(373, 100372, 10372, '2022-06-16 08:34:00', 'Sala de Profesores', 'Español', 'Otros'),
(374, 100373, 10373, '2022-01-30 16:08:00', 'Unidad', 'Sociales', 'Otros'),
(375, 100374, 10374, '2022-01-10 12:16:00', 'Salon', 'Español', 'Academicos'),
(376, 100375, 10375, '2022-01-29 07:40:00', 'Salon', 'Artes', 'Academicos'),
(377, 100376, 10376, '2022-03-12 07:19:00', 'Salon', 'Fisica', 'Academicos'),
(378, 100377, 10377, '2022-01-29 14:35:00', 'Rectoria', 'Politica', 'Academicos'),
(379, 100378, 10378, '2022-07-19 08:24:00', 'Unidad', 'Filosofia', 'Otros'),
(380, 100379, 10379, '2022-03-03 09:43:00', 'Salon', 'Ingles', 'Otros'),
(381, 100380, 10380, '2022-03-19 10:47:00', 'Sala de Profesores', 'Quimica', 'Academicos'),
(382, 100381, 10381, '2022-01-30 11:37:00', 'Salon', 'Matematicas', 'Academicos'),
(383, 100382, 10382, '2022-08-25 16:40:00', 'Rectoria', 'Ingles', 'Academicos'),
(384, 100383, 10383, '2022-08-13 14:54:00', 'Rectoria', 'Edu.Fisica', 'Academicos'),
(385, 100384, 10384, '2022-08-05 11:53:00', 'Rectoria', 'Politica', 'Academicos'),
(386, 100385, 10385, '2022-07-24 13:56:00', 'Unidad', 'Artes', 'Otros'),
(387, 100386, 10386, '2022-02-12 13:04:00', 'Rectoria', 'Quimica', 'Academicos'),
(388, 100387, 10387, '2022-02-09 11:28:00', 'Unidad', 'Español', 'Otros'),
(389, 100388, 10388, '2022-01-27 11:37:00', 'Rectoria', 'Quimica', 'Otros'),
(390, 100389, 10389, '2022-02-02 07:43:00', 'Salon', 'Español', 'Otros'),
(391, 100390, 10390, '2022-07-26 07:05:00', 'Rectoria', 'Sociales', 'Academicos'),
(392, 100391, 10391, '2022-03-26 11:03:00', 'Unidad', 'Quimica', 'Otros'),
(393, 100392, 10392, '2022-02-15 14:26:00', 'Sala de Profesores', 'Edu.Fisica', 'Academicos'),
(394, 100393, 10393, '2022-07-29 14:24:00', 'Rectoria', 'Ingles', 'Otros'),
(395, 100394, 10394, '2022-03-25 12:53:00', 'Salon', 'Quimica', 'Otros'),
(396, 100395, 10395, '2022-02-16 09:27:00', 'Unidad', 'Politica', 'Otros'),
(397, 100396, 10396, '2022-02-19 16:04:00', 'Unidad', 'Fisica', 'Otros'),
(398, 100397, 10397, '2022-02-05 09:08:00', 'Salon', 'Politica', 'Otros'),
(399, 100398, 10398, '2022-03-05 12:39:00', 'Rectoria', 'Quimica', 'Otros'),
(400, 100399, 10399, '2022-06-01 15:50:00', 'Unidad', 'Fisica', 'Academicos'),
(401, 100400, 10400, '2022-07-14 13:47:00', 'Sala de Profesores', 'Edu.Fisica', 'Otros'),
(402, 100401, 10401, '2022-03-08 09:59:00', 'Unidad', 'Quimica', 'Otros'),
(403, 100402, 10402, '2022-06-05 13:14:00', 'Sala de Profesores', 'Politica', 'Academicos'),
(404, 100403, 10403, '2022-05-11 10:49:00', 'Rectoria', 'Sociales', 'Otros'),
(405, 100404, 10404, '2022-03-10 08:45:00', 'Rectoria', 'Ingles', 'Otros'),
(406, 100405, 10405, '2022-03-29 11:23:00', 'Salon', 'Filosofia', 'Otros'),
(407, 100406, 10406, '2022-08-08 12:35:00', 'Salon', 'Artes', 'Academicos'),
(408, 100407, 10407, '2022-07-11 15:03:00', 'Unidad', 'Sociales', 'Otros'),
(409, 100408, 10408, '2022-06-15 07:12:00', 'Rectoria', 'Matematicas', 'Otros'),
(410, 100409, 10409, '2022-08-23 15:24:00', 'Unidad', 'Tecnologia', 'Otros'),
(411, 100410, 10410, '2022-02-06 14:18:00', 'Unidad', 'Quimica', 'Academicos'),
(412, 100411, 10411, '2022-07-29 13:03:00', 'Sala de Profesores', 'Edu.Fisica', 'Academicos'),
(413, 100412, 10412, '2022-01-07 12:41:00', 'Sala de Profesores', 'Matematicas', 'Academicos'),
(414, 100413, 10413, '2022-01-11 14:56:00', 'Unidad', 'Fisica', 'Otros'),
(415, 100414, 10414, '2022-08-05 10:57:00', 'Sala de Profesores', 'Politica', 'Academicos'),
(416, 100415, 10415, '2022-05-02 08:24:00', 'Salon', 'Fisica', 'Otros'),
(417, 100416, 10416, '2022-04-20 07:46:00', 'Sala de Profesores', 'Sociales', 'Academicos'),
(418, 100417, 10417, '2022-05-31 07:03:00', 'Unidad', 'Filosofia', 'Otros'),
(419, 100418, 10418, '2022-04-09 14:01:00', 'Sala de Profesores', 'Artes', 'Academicos'),
(420, 100419, 10419, '2022-04-17 09:01:00', 'Sala de Profesores', 'Artes', 'Otros'),
(421, 100420, 10420, '2022-06-21 12:59:00', 'Rectoria', 'Sociales', 'Otros'),
(422, 100421, 10421, '2022-06-06 13:05:00', 'Sala de Profesores', 'Artes', 'Otros'),
(423, 100422, 10422, '2022-06-30 08:17:00', 'Sala de Profesores', 'Ingles', 'Otros'),
(424, 100423, 10423, '2022-05-12 12:35:00', 'Rectoria', 'Artes', 'Otros'),
(425, 100424, 10424, '2022-03-23 14:31:00', 'Sala de Profesores', 'Tecnologia', 'Otros'),
(426, 100425, 10425, '2022-05-07 13:16:00', 'Unidad', 'Español', 'Academicos'),
(427, 100426, 10426, '2022-08-11 07:09:00', 'Salon', 'Tecnologia', 'Otros'),
(428, 100427, 10427, '2022-07-31 09:42:00', 'Salon', 'Filosofia', 'Otros'),
(429, 100428, 10428, '2022-04-12 12:01:00', 'Sala de Profesores', 'Sociales', 'Otros'),
(430, 100429, 10429, '2022-05-30 15:16:00', 'Rectoria', 'Politica', 'Academicos'),
(431, 100430, 10430, '2022-04-11 13:31:00', 'Unidad', 'Edu.Fisica', 'Otros'),
(432, 100431, 10431, '2022-04-28 07:02:00', 'Rectoria', 'Tecnologia', 'Academicos'),
(433, 100432, 10432, '2022-02-18 09:35:00', 'Unidad', 'Quimica', 'Otros'),
(434, 100433, 10433, '2022-01-03 15:33:00', 'Unidad', 'Ingles', 'Academicos'),
(435, 100434, 10434, '2022-03-05 09:43:00', 'Rectoria', 'Politica', 'Academicos'),
(436, 100435, 10435, '2022-02-01 07:30:00', 'Sala de Profesores', 'Ingles', 'Academicos'),
(437, 100436, 10436, '2022-04-02 11:59:00', 'Unidad', 'Tecnologia', 'Otros'),
(438, 100437, 10437, '2022-02-14 07:57:00', 'Sala de Profesores', 'Matematicas', 'Academicos'),
(439, 100438, 10438, '2022-01-17 14:39:00', 'Rectoria', 'Sociales', 'Otros'),
(440, 100439, 10439, '2022-03-23 15:00:00', 'Salon', 'Ingles', 'Otros'),
(441, 100440, 10440, '2022-04-09 08:48:00', 'Sala de Profesores', 'Artes', 'Academicos'),
(442, 100441, 10441, '2022-06-18 12:50:00', 'Rectoria', 'Quimica', 'Otros'),
(443, 100442, 10442, '2022-01-02 13:36:00', 'Unidad', 'Quimica', 'Academicos'),
(444, 100443, 10443, '2022-01-09 14:48:00', 'Rectoria', 'Tecnologia', 'Otros'),
(445, 100444, 10444, '2022-02-14 10:19:00', 'Sala de Profesores', 'Ingles', 'Otros'),
(446, 100445, 10445, '2022-02-20 10:33:00', 'Unidad', 'Quimica', 'Academicos'),
(447, 100446, 10446, '2022-06-05 07:50:00', 'Sala de Profesores', 'Tecnologia', 'Academicos'),
(448, 100447, 10447, '2022-02-27 15:18:00', 'Sala de Profesores', 'Sociales', 'Otros'),
(449, 100448, 10448, '2022-06-20 15:42:00', 'Sala de Profesores', 'Fisica', 'Otros'),
(450, 100449, 10449, '2022-08-19 10:00:00', 'Unidad', 'Edu.Fisica', 'Otros'),
(451, 100450, 10450, '2022-07-10 16:41:00', 'Unidad', 'Ingles', 'Academicos'),
(452, 100451, 10451, '2022-05-05 10:45:00', 'Salon', 'Politica', 'Academicos'),
(453, 100452, 10452, '2022-02-16 14:59:00', 'Sala de Profesores', 'Artes', 'Academicos'),
(454, 100453, 10453, '2022-07-21 16:51:00', 'Unidad', 'Edu.Fisica', 'Otros'),
(455, 100454, 10454, '2022-08-13 13:09:00', 'Rectoria', 'Ingles', 'Academicos'),
(456, 100455, 10455, '2022-01-02 12:07:00', 'Sala de Profesores', 'Sociales', 'Otros'),
(457, 100456, 10456, '2022-03-17 15:27:00', 'Sala de Profesores', 'Fisica', 'Otros'),
(458, 100457, 10457, '2022-06-01 12:22:00', 'Rectoria', 'Tecnologia', 'Academicos'),
(459, 100458, 10458, '2022-03-13 09:32:00', 'Unidad', 'Sociales', 'Academicos'),
(460, 100459, 10459, '2022-06-25 16:00:00', 'Rectoria', 'Tecnologia', 'Otros'),
(461, 100460, 10460, '2022-06-19 15:51:00', 'Unidad', 'Quimica', 'Academicos'),
(462, 100461, 10461, '2022-06-04 07:36:00', 'Rectoria', 'Matematicas', 'Academicos'),
(463, 100462, 10462, '2022-05-13 08:37:00', 'Salon', 'Sociales', 'Otros'),
(464, 100463, 10463, '2022-01-30 09:55:00', 'Rectoria', 'Matematicas', 'Academicos'),
(465, 100464, 10464, '2022-01-12 16:54:00', 'Rectoria', 'Edu.Fisica', 'Otros'),
(466, 100465, 10465, '2022-07-19 14:27:00', 'Rectoria', 'Español', 'Academicos'),
(467, 100466, 10466, '2022-02-01 10:20:00', 'Unidad', 'Español', 'Academicos'),
(468, 100467, 10467, '2022-05-27 07:55:00', 'Salon', 'Filosofia', 'Academicos'),
(469, 100468, 10468, '2022-03-05 08:48:00', 'Salon', 'Edu.Fisica', 'Academicos'),
(470, 100469, 10469, '2022-04-23 13:30:00', 'Sala de Profesores', 'Politica', 'Academicos'),
(471, 100470, 10470, '2022-05-17 09:05:00', 'Unidad', 'Sociales', 'Otros'),
(472, 100471, 10471, '2022-08-25 10:04:00', 'Rectoria', 'Artes', 'Otros'),
(473, 100472, 10472, '2022-08-09 12:11:00', 'Rectoria', 'Tecnologia', 'Otros'),
(474, 100473, 10473, '2022-01-11 16:38:00', 'Rectoria', 'Fisica', 'Academicos'),
(475, 100474, 10474, '2022-07-22 08:53:00', 'Sala de Profesores', 'Sociales', 'Otros'),
(476, 100475, 10475, '2022-05-27 08:22:00', 'Salon', 'Filosofia', 'Academicos'),
(477, 100476, 10476, '2022-08-20 15:12:00', 'Salon', 'Quimica', 'Otros'),
(478, 100477, 10477, '2022-03-22 14:41:00', 'Unidad', 'Fisica', 'Academicos'),
(479, 100478, 10478, '2022-02-27 10:34:00', 'Sala de Profesores', 'Fisica', 'Otros'),
(480, 100479, 10479, '2022-02-06 08:08:00', 'Salon', 'Fisica', 'Academicos'),
(481, 100480, 10480, '2022-01-06 14:58:00', 'Rectoria', 'Artes', 'Academicos'),
(482, 100481, 10481, '2022-08-11 12:46:00', 'Sala de Profesores', 'Tecnologia', 'Otros'),
(483, 100482, 10482, '2022-07-12 08:12:00', 'Unidad', 'Edu.Fisica', 'Academicos'),
(484, 100483, 10483, '2022-02-27 11:24:00', 'Rectoria', 'Sociales', 'Otros'),
(485, 100484, 10484, '2022-07-04 15:12:00', 'Salon', 'Quimica', 'Academicos'),
(486, 100485, 10485, '2022-04-15 07:26:00', 'Sala de Profesores', 'Español', 'Otros'),
(487, 100486, 10486, '2022-03-12 10:52:00', 'Unidad', 'Ingles', 'Academicos'),
(488, 100487, 10487, '2022-06-28 08:43:00', 'Rectoria', 'Quimica', 'Academicos'),
(489, 100488, 10488, '2022-03-23 13:09:00', 'Sala de Profesores', 'Artes', 'Academicos'),
(490, 100489, 10489, '2022-03-11 11:11:00', 'Unidad', 'Edu.Fisica', 'Otros'),
(491, 100490, 10490, '2022-02-23 07:54:00', 'Rectoria', 'Español', 'Academicos'),
(492, 100491, 10491, '2022-05-09 09:03:00', 'Rectoria', 'Fisica', 'Academicos'),
(493, 100492, 10492, '2022-06-02 07:41:00', 'Sala de Profesores', 'Politica', 'Otros'),
(494, 100493, 10493, '2022-02-16 11:11:00', 'Rectoria', 'Filosofia', 'Academicos'),
(495, 100494, 10494, '2022-06-20 11:04:00', 'Rectoria', 'Ingles', 'Academicos'),
(496, 100495, 10495, '2022-02-11 14:18:00', 'Sala de Profesores', 'Filosofia', 'Otros'),
(497, 100496, 10496, '2022-04-05 08:39:00', 'Rectoria', 'Español', 'Otros'),
(498, 100497, 10497, '2022-04-17 07:01:00', 'Salon', 'Artes', 'Academicos'),
(499, 100498, 10498, '2022-04-20 12:22:00', 'Sala de Profesores', 'Sociales', 'Academicos'),
(500, 100499, 10499, '2022-01-07 09:23:00', 'Rectoria', 'Español', 'Otros');

-- --------------------------------------------------------

--
-- Estructura Stand-in para la vista `direccionestudiantes`
-- (Véase abajo para la vista actual)
--
CREATE TABLE `direccionestudiantes` (
`idestudiantes` int(11)
,`lugar` varchar(20)
);

-- --------------------------------------------------------

--
-- Estructura Stand-in para la vista `estudiante`
-- (Véase abajo para la vista actual)
--
CREATE TABLE `estudiante` (
`idestudiantes` int(11)
,`apellidos` varchar(45)
,`nombres` varchar(20)
,`grado` int(2)
,`seccion` int(2)
);

-- --------------------------------------------------------

--
-- Estructura de tabla para la tabla `estudiantes`
--

CREATE TABLE `estudiantes` (
  `idestudiantes` int(11) NOT NULL,
  `apellidos` varchar(45) NOT NULL,
  `nombres` varchar(20) NOT NULL,
  `grado` int(2) NOT NULL,
  `seccion` int(2) NOT NULL
) ENGINE=InnoDB DEFAULT CHARSET=utf8mb4;

--
-- Volcado de datos para la tabla `estudiantes`
--

INSERT INTO `estudiantes` (`idestudiantes`, `apellidos`, `nombres`, `grado`, `seccion`) VALUES
(10000, 'Facello', 'Alejandra', 10, 7),
(10001, 'Simmel', 'Manuel ', 11, 15),
(10002, 'Bamford', 'Jimena ', 8, 29),
(10003, 'Koblick', 'Valeria ', 10, 24),
(10004, 'Maliniak', 'Manuela', 8, 23),
(10005, 'Preusig', 'Camilo', 11, 13),
(10006, 'Zielinski', 'Andrea ', 11, 27),
(10007, 'Kalloufi', 'Daniela ', 10, 26),
(10008, 'Peac', 'Juan ', 11, 23),
(10009, 'Piveteau', 'Juan jose ', 8, 2),
(10010, 'Sluis', 'Juan camilo', 11, 28),
(10011, 'Bridgland', 'Juana ', 9, 28),
(10012, 'Terkki', 'Gabriela ', 10, 22),
(10013, 'Genin', 'Hugo', 11, 22),
(10014, 'Nooteboom', 'Guillermo', 10, 10),
(10015, 'Cappelletti', 'Erika', 10, 10),
(10016, 'Bouloucos', 'Mohamed', 8, 19),
(10017, 'Peha', 'Julen', 11, 1),
(10018, 'Haddadi', 'Luis', 9, 20),
(10019, 'Warwick', 'Paula', 8, 23),
(10020, 'Erde', 'Unai', 10, 28),
(10021, 'Famili', 'Rafael', 10, 24),
(10022, 'Montemayor', 'Joel', 11, 21),
(10023, 'Pettey', 'Alberta', 9, 26),
(10024, 'Heyers', 'Pedro', 11, 5),
(10025, 'Berztiss', 'Raúl', 11, 3),
(10026, 'Reistad', 'Aitor', 11, 12),
(10027, 'Tempesti', 'Santiago', 9, 15),
(10028, 'Herbst', 'Rayan', 10, 17),
(10029, 'Demeyer', 'Pol', 8, 22),
(10030, 'Joslin', 'Nil', 10, 21),
(10031, 'Reistad', 'Noah', 10, 29),
(10032, 'Merlo', 'Jan', 11, 28),
(10033, 'Swan', 'Asier', 9, 26),
(10034, 'Chappelet', 'Fernando', 8, 27),
(10035, 'Portugali', 'Alonso', 11, 9),
(10036, 'Makrucki', 'Matías', 9, 17),
(10037, 'Lortz', 'Biel', 8, 11),
(10038, 'Brender', 'Andrés', 8, 24),
(10039, 'Meriste', 'Axel', 11, 14),
(10040, 'Lenart', 'Ismael', 11, 17),
(10041, 'Stamatiou', 'Martí', 11, 24),
(10042, 'Tzvieli', 'Arnau', 10, 8),
(10043, 'Casley', 'Imran', 11, 23),
(10044, 'Shanbhogue', 'Luka', 10, 25),
(10045, 'Rosenbaum', 'Ignacio', 11, 11),
(10046, 'Nyanchama', 'Aleix', 10, 1),
(10047, 'Syrotiuk', 'Alan', 10, 28),
(10048, 'Tramer', 'Elías', 9, 3),
(10049, 'Dredge', 'Omar', 11, 24),
(10050, 'Caine', 'Isaac', 8, 11),
(10051, 'Nitsch', 'Youssef', 11, 11),
(10052, 'Zschoche', 'Jon', 9, 12),
(10053, 'Schueller', 'Teo', 10, 16),
(10054, 'Dredge', 'Mauro', 9, 7),
(10055, 'Bernini', 'Óscar', 11, 16),
(10056, 'Callaway', 'Cristian', 11, 24),
(10057, 'McFarlin', 'Leonardo', 9, 23),
(10058, 'McAlpine', 'valentina ', 9, 22),
(10059, 'Billingsley', 'Irene ', 10, 8),
(10060, 'Herber', 'Vanessa', 11, 3),
(10061, 'Peyn', 'Victoria ', 9, 23),
(10062, 'Leonhardt', 'Mia ', 8, 14),
(10063, 'Jansch', 'Marizza', 10, 10),
(10064, 'Awdeh', 'Enrrique ', 8, 2),
(10065, 'Schusler', 'Manuel', 9, 13),
(10066, 'Stavenow', 'Martín', 10, 3),
(10067, 'Brattka', 'Jorge', 11, 17),
(10068, 'Bierman', 'Iván', 11, 18),
(10069, 'Garigliano', 'Carlos', 8, 26),
(10070, 'Lipner', 'Miguel', 8, 21),
(10071, 'Sidou', 'Lucas', 8, 6),
(10072, 'McClurg', 'Santiago', 11, 8),
(10073, 'Bernatsky', 'Matías', 11, 10),
(10074, 'Dolinsky', 'Ángel', 8, 6),
(10075, 'Ritzmann', 'Gabriel', 10, 16),
(10076, 'Azuma', 'Simón', 9, 29),
(10077, 'Mondadori', 'Thiago', 11, 22),
(10078, 'Gils', 'Valentín', 9, 14),
(10079, 'Baek', 'Julián', 9, 16),
(10080, 'Rosen', 'Benjamín', 11, 18),
(10081, 'Lortz', 'Erick', 8, 14),
(10082, 'Zockler', 'Sasha', 9, 26),
(10083, 'Kalloufi', 'Dante', 11, 16),
(10084, 'Malabarba', 'Enzo', 9, 27),
(10085, 'Foote', 'Silas', 11, 29),
(10086, 'Eugenio', 'Marco', 10, 21),
(10087, 'Syrzycki', 'Andrea', 10, 17),
(10088, 'Flasterstein', 'Ariel', 9, 17),
(10089, 'Hofting', 'Orfeo', 9, 5),
(10090, 'Gomatam', 'Jasón', 9, 15),
(10091, 'Niizuma', 'Héctor', 10, 6),
(10092, 'Desikan', 'Aquiles', 9, 1),
(10093, 'Ossenbruggen', 'Adonis', 9, 8),
(10094, 'Morton', 'Apolo', 9, 16),
(10095, 'Mandell', 'Dionisio', 9, 28),
(10096, 'Waschkowski', 'Ulises', 8, 20),
(10097, 'Servieres', 'Hércules', 9, 6),
(10098, 'Sullins', 'Hipólito', 9, 5),
(10099, 'Haraldson', 'Tristán', 8, 8),
(10100, 'Heyers', 'Zeus', 10, 16),
(10101, 'Luby', 'Adal', 10, 26),
(10102, 'Birch', 'Adel', 11, 8),
(10103, 'Warwick', 'Adriel', 11, 19),
(10104, 'Piveteau', 'Alonso', 11, 4),
(10105, 'Aingworth', 'Amaru', 10, 13),
(10106, 'Baca', 'Asher', 10, 6),
(10107, 'Giveon', 'Azai', 11, 21),
(10108, 'Prampolini', 'Basil', 8, 25),
(10109, 'Ullian', 'Bastian', 10, 14),
(10110, 'Rosis', 'Ciro', 8, 22),
(10111, 'Swick', 'Corban', 9, 28),
(10112, 'Syrzycki', 'Dáire', 10, 28),
(10113, 'Demeyer', 'Dante', 8, 29),
(10114, 'Rissland', 'Dorian', 9, 6),
(10115, 'Czap', 'Duncan', 11, 3),
(10116, 'Blokdijk', 'Egan', 9, 10),
(10117, 'Zyda', 'Einar', 11, 19),
(10118, 'Peltason', 'Elián', 10, 8),
(10119, 'Fairtlough', 'Émile', 9, 15),
(10120, 'Ramsay', 'Endor', 8, 26),
(10121, 'Esposito', 'Ezra', 8, 29),
(10122, 'Randi', 'Farid', 10, 15),
(10123, 'Marwedel', 'Fionn', 11, 12),
(10124, 'Hiltgen', 'Gadiel', 9, 19),
(10125, 'Valtorta', 'Gael', 8, 6),
(10126, 'Baja', 'Goran', 11, 13),
(10127, 'Lamba', 'Guido', 11, 25),
(10128, 'Peir', 'Hasani', 11, 13),
(10129, 'Casperson', 'Ian', 10, 23),
(10130, 'Eldridge', 'Ilán', 8, 8),
(10131, 'Skrikant', 'Ivar', 10, 8),
(10132, 'Isaak', 'Joel', 10, 3),
(10133, 'Siprelle', 'Julián', 9, 1),
(10134, 'Monkewich', 'David', 10, 22),
(10135, 'Pintelas', 'Amador', 10, 29),
(10136, 'Hutton', 'Harsal', 10, 10),
(10137, 'Shimshoni', 'Romeo', 11, 12),
(10138, 'Foong', 'Valentín', 10, 6),
(10139, 'Auria', 'Erasmo', 8, 6),
(10140, 'Ishibashi', 'Eros', 9, 2),
(10141, 'Hettesheimer', 'Amadís', 8, 27),
(10142, 'Bakhtari', 'Tadeo', 8, 18),
(10143, 'Brendel', 'Paris', 10, 29),
(10144, 'Esposito', 'Amadeo', 10, 22),
(10145, 'Syang', 'Amado', 9, 6),
(10146, 'Encarnacion', 'Aziz', 10, 29),
(10147, 'Azumi', 'Darrell', 8, 8),
(10148, 'Perry', 'Daryl', 11, 24),
(10149, 'Perng', 'Davet', 11, 25),
(10150, 'Lichtner', 'Davis', 11, 10),
(10151, 'Munro', 'Dawit', 9, 16),
(10152, 'Majewski', 'Felipe', 11, 27),
(10153, 'Thibadeau', 'Habib', 10, 25),
(10154, 'Nastansky', 'Kelvin', 10, 25),
(10155, 'Fargier', 'Lennon', 8, 7),
(10156, 'Aloisi', 'Milos', 10, 13),
(10157, 'Mitsuhashi', 'Riku', 8, 13),
(10158, 'Buescher', 'Valentiniano', 10, 9),
(10159, 'Khasidashvili', 'Valentino', 9, 23),
(10160, 'Mellouli', 'Adir', 11, 19),
(10161, 'Eugenio', 'Carwyn', 11, 3),
(10162, 'Szmurlo', 'Can', 10, 8),
(10163, 'Braunmuhl', 'Connolley', 9, 1),
(10164, 'Macedo', 'Krishna', 8, 7),
(10165, 'Siegrist', 'Jeb', 11, 29),
(10166, 'Rassart', 'Erasmus', 8, 29),
(10167, 'Stassinopoulos', 'Milan', 11, 11),
(10168, 'Snedden', 'Emma', 10, 10),
(10169, 'Jenevein', 'Daniela', 11, 26),
(10170, 'Trachtenberg', 'Carla', 10, 14),
(10171, 'Matzen', 'Alba', 10, 22),
(10172, 'Mahmud', 'Noa', 9, 6),
(10173, 'Furudate', 'Alma', 9, 20),
(10174, 'Ananiadou', 'Sara', 9, 26),
(10175, 'Lenart', 'Carmen', 8, 2),
(10176, 'Iisaka', 'Vega', 8, 14),
(10177, 'Litvinov', 'Lara', 8, 24),
(10178, 'Duclos', 'Mia', 8, 1),
(10179, 'Wendorf', 'Valentina', 10, 10),
(10180, 'Nooteboom', 'Olivia', 11, 10),
(10181, 'Merey', 'Claudia', 8, 8),
(10182, 'Bonifati', 'Jimena', 11, 18),
(10183, 'Lowrie', 'Lola', 9, 6),
(10184, 'Sidhu', 'Chlóe', 8, 11),
(10185, 'Kropatsch', 'Aitana', 9, 3),
(10186, 'Narwekar', 'Abril', 11, 13),
(10187, 'Muchinsky', 'Ana', 9, 19),
(10188, 'Erva', 'Laia', 10, 29),
(10189, 'Fairtlough', 'Triana', 9, 12),
(10190, 'Nastansky', 'Candela', 8, 9),
(10191, 'Falck', 'Alejandra', 10, 29),
(10192, 'Cheshire', 'Elena', 10, 15),
(10193, 'Hofmeyr', 'Vera', 11, 10),
(10194, 'Redmiles', 'Manuela', 8, 29),
(10195, 'Hellwagner', 'Adriana', 10, 14),
(10196, 'Krzyzanowski', 'Inés', 9, 27),
(10197, 'Furedi', 'Marta', 9, 3),
(10198, 'Ranta', 'Carlota', 10, 10),
(10199, 'Awdeh', 'Irene', 8, 23),
(10200, 'Kavraki', 'Victoria', 9, 23),
(10201, 'Lichtner', 'Blanca', 10, 25),
(10202, 'Escriba', 'Marina', 8, 14),
(10203, 'Ritcey', 'Laura', 9, 27),
(10204, 'Leijenhorst', 'Rocío', 8, 22),
(10205, 'Iwayama', 'Alicia', 11, 5),
(10206, 'Anandan', 'Clara', 8, 4),
(10207, 'Klerer', 'Nora', 10, 24),
(10208, 'Ellozy', 'Lía', 11, 7),
(10209, 'Alpin', 'Ariadna', 10, 15),
(10210, 'Strehl', 'Zoe', 10, 16),
(10211, 'Esteva', 'Amira', 9, 8),
(10212, 'Kakkad', 'Gala', 9, 14),
(10213, 'Ciolek', 'Celia', 10, 19),
(10214, 'Duclos', 'Leire', 10, 10),
(10215, 'Ghemri', 'Eva', 8, 10),
(10216, 'Roison', 'Ángela', 10, 14),
(10217, 'Magalhaes', 'Andrea', 10, 9),
(10218, 'Kolvik', 'África', 9, 9),
(10219, 'Fasbender', 'Luna', 10, 12),
(10220, 'Granlund', 'Ainhoa', 10, 13),
(10221, 'Nourani', 'Ainara', 9, 22),
(10222, 'Schmiedel', 'India', 10, 19),
(10223, 'Trogemann', 'Nerea', 8, 28),
(10224, 'Chinen', 'Ona', 8, 23),
(10225, 'Plessier', 'Elsa', 10, 15),
(10226, 'Kaiser', 'Isabel', 8, 23),
(10227, 'Cesareni', 'Leyre', 10, 23),
(10228, 'Takanami', 'Gabriela', 10, 25),
(10229, 'Vernadat', 'Aina', 9, 6),
(10230, 'Desikan', 'Cayetana', 8, 9),
(10231, 'Auria', 'Iria', 8, 24),
(10232, 'Vendrig', 'Jana', 11, 24),
(10233, 'Bakhtari', 'Mar', 10, 4),
(10234, 'Roccetti', 'Cloe', 8, 1),
(10235, 'Bade', 'Lina', 8, 28),
(10236, 'Mandell', 'Julieta', 9, 25),
(10237, 'Gire', 'Adara', 11, 13),
(10238, 'Llado', 'Naia', 8, 19),
(10239, 'Maccarone', 'Iris', 9, 14),
(10240, 'Murillo', 'Nour', 11, 5),
(10241, 'Ozeri', 'Mara', 11, 12),
(10242, 'Pouyioutas', 'Helena', 8, 4),
(10243, 'Flasterstein', 'Yasmín', 9, 28),
(10244, 'Gente', 'Natalia', 9, 10),
(10245, 'Teitelbaum', 'Arlet', 10, 20),
(10246, 'Riefers', 'Diana', 9, 22),
(10247, 'Tempesti', 'Aroa', 10, 28),
(10248, 'Boreale', 'Amaia', 10, 10),
(10249, 'Etalle', 'Cristina', 11, 13),
(10250, 'Rosenbaum', 'Nahia', 10, 17),
(10251, 'Wegerle', 'Isabella', 9, 1),
(10252, 'Salinas', 'Malak', 11, 28),
(10253, 'Brattka', 'Elia', 8, 11),
(10254, 'Garnick', 'Carolina', 11, 15),
(10255, 'Radhakrishnan', 'Berta', 11, 20),
(10256, 'Riexinger', 'Fátima', 11, 16),
(10257, 'Ishibashi', 'Nuria', 10, 24),
(10258, 'Vesel', 'Azahara', 9, 16),
(10259, 'Suomi', 'Macarena', 9, 20),
(10260, 'Erie', 'Aurora', 8, 17),
(10261, 'Maraist', 'Adela', 9, 19),
(10262, 'Waterhouse', 'Adriana', 10, 26),
(10263, 'Kawashimo', 'Ágata', 10, 4),
(10264, 'Muniz', 'Almudena', 9, 11),
(10265, 'Rassart', 'Amanda', 8, 29),
(10266, 'Cullers', 'Amelia', 11, 17),
(10267, 'Siochi', 'Amparo', 8, 29),
(10268, 'Oxman', 'Aroa', 10, 19),
(10269, 'Hartvigsen', 'Astrid', 9, 18),
(10270, 'Eastman', 'Bárbara', 11, 18),
(10271, 'Cannane', 'Beatriz', 10, 21),
(10272, 'Lieblein', 'Belén', 9, 16),
(10273, 'Pearson', 'Brenda', 9, 21),
(10274, 'Luck', 'Camila', 10, 13),
(10275, 'Hempstead', 'Camelia', 10, 16),
(10276, 'Schwartzbauer', 'Carmela', 10, 25),
(10277, 'Nitsch', 'Carolina', 8, 8),
(10278, 'Jumpertz', 'Casandra', 8, 28),
(10279, 'Delgrange', 'Celeste', 8, 26),
(10280, 'Kusakari', 'Cintia', 9, 9),
(10281, 'Benzmuller', 'Covadonga', 10, 28),
(10282, 'Birjandi', 'Dana', 8, 10),
(10283, 'Murrill', 'Débora', 11, 8),
(10284, 'Preusig', 'Delia', 11, 15),
(10285, 'Gopalakrishnan', 'Elia', 10, 22),
(10286, 'Pietracaprina', 'Eliana', 8, 12),
(10287, 'Perri', 'Elisa', 11, 4),
(10288, 'Poulakidas', 'Eloísa', 8, 10),
(10289, 'Pleszkun', 'Elsa', 11, 12),
(10290, 'Seghrouchni', 'Érica', 11, 19),
(10291, 'Ghelli', 'Estefanía', 10, 22),
(10292, 'Avouris', 'Estíbaliz', 8, 1),
(10293, 'Miara', 'Eugenia', 8, 23),
(10294, 'Velardi', 'Fabiana', 9, 20),
(10295, 'Lorho', 'Frida', 9, 21),
(10296, 'Oaver', 'Genoveva', 8, 20),
(10297, 'DuCasse', 'Gisela', 9, 27),
(10298, 'Stentiford', 'Gracia', 11, 5),
(10299, 'Ulupinar', 'Graciela', 8, 22),
(10300, 'Staudhammer', 'Guadalupe', 9, 12),
(10301, 'Baer', 'Inmaculada', 9, 28),
(10302, 'Zschoche', 'Iris', 10, 16),
(10303, 'Erie', 'Jade', 9, 18),
(10304, 'Piancastelli', 'Jessica', 11, 29),
(10305, 'Kilgour', 'Jimena', 11, 19),
(10306, 'Leaver', 'Joaquina', 11, 17),
(10307, 'Holburn', 'Judith', 8, 26),
(10308, 'Schusler', 'Lis', 11, 7),
(10309, 'Alencar', 'Lisa', 11, 1),
(10310, 'Molenkamp', 'Luján', 9, 24),
(10311, 'Deyuan', 'Luz', 9, 2),
(10312, 'Riexinger', 'Maite', 8, 25),
(10313, 'Apsitis', 'Marisa', 11, 14),
(10314, 'Angelopoulos', 'Maya', 8, 3),
(10315, 'Schwaller', 'Melania', 8, 20),
(10316, 'Birge', 'Mencía', 8, 29),
(10317, 'Beilner', 'Mila', 10, 13),
(10318, 'Miyakawa', 'Miriam', 11, 22),
(10319, 'Stasinski', 'Nadia', 10, 24),
(10320, 'Ravishankar', 'Naiara', 11, 13),
(10321, 'Dahlbom', 'Naomi', 10, 20),
(10322, 'Hinsberger', 'Nereida', 10, 8),
(10323, 'Rouquie', 'Nina', 11, 9),
(10324, 'Badr', 'Norma', 10, 27),
(10325, 'Czap', 'Olimpia', 11, 12),
(10326, 'Facello', 'Olvido', 8, 26),
(10327, 'Kawashima', 'Paloma', 10, 22),
(10328, 'Shigei', 'Pamela', 10, 13),
(10329, 'Bellmore', 'Paola', 11, 25),
(10330, 'Binkley', 'Pastora', 8, 27),
(10331, 'Bain', 'Patricia', 8, 3),
(10332, 'Dymetman', 'Penélope', 8, 20),
(10333, 'Erie', 'Petra', 9, 20),
(10334, 'Bahi', 'Priscila', 11, 27),
(10335, 'Rothe', 'Renata', 11, 4),
(10336, 'Sadowsky', 'Sabina', 11, 25),
(10337, 'Ranai', 'Salomé', 11, 21),
(10338, 'Liedekerke', 'Samanta', 11, 16),
(10339, 'Laventhal', 'Saray', 11, 12),
(10340, 'Greenaway', 'Selene', 11, 20),
(10341, 'Hiroyama', 'Selma', 8, 27),
(10342, 'Syrzycki', 'Sheila', 11, 6),
(10343, 'Garnier', 'Soraya', 8, 19),
(10344, 'Ratnakar', 'Tamara', 10, 17),
(10345, 'Radwan', 'Tania', 9, 8),
(10346, 'Kaminger', 'Tatiana', 9, 4),
(10347, 'Picco', 'Tina', 8, 15),
(10348, 'Brodie', 'Velia', 10, 11),
(10349, 'Kavvadias', 'Verena', 11, 24),
(10350, 'Strehl', 'Verónica', 10, 20),
(10351, 'Ohori', 'Vida', 9, 21),
(10352, 'Hammerschmidt', 'Vilma', 10, 15),
(10353, 'Kusakari', 'Viola', 10, 10),
(10354, 'Cochrane', 'Xenia', 10, 5),
(10355, 'Standera', 'Xiomara', 9, 7),
(10356, 'Sidhu', 'Yaiza', 10, 19),
(10357, 'Tagansky', 'Yolanda', 9, 18),
(10358, 'Sambasivam', 'Zahara', 10, 22),
(10359, 'Munck', 'Zaida', 11, 18),
(10360, 'Sidou', 'Zoraida', 10, 22),
(10361, 'dAstous', 'Antonia', 11, 13),
(10362, 'Muniz', 'Beata', 8, 19),
(10363, 'Dengi', 'Begoña', 11, 5),
(10364, 'Granlund', 'Berta', 11, 20),
(10365, 'Piazza', 'Cándida', 10, 25),
(10366, 'Gini', 'Carlota', 10, 9),
(10367, 'Koshiba', 'Cecilia', 9, 10),
(10368, 'Toyoshima', 'Concepción', 9, 2),
(10369, 'Fandrianto', 'Consuelo', 8, 1),
(10370, 'Kirkerud', 'Dolores', 9, 29),
(10371, 'Frijda', 'Edna', 11, 7),
(10372, 'Heijenga', 'Eladia', 9, 12),
(10373, 'Rosin', 'Eleonor', 8, 7),
(10374, 'Kalafatis', 'Elvira', 9, 17),
(10375, 'Bale', 'Emilia', 10, 29),
(10376, 'Grospietsch', 'Esther', 9, 14),
(10377, 'Lichtner', 'Fabiola', 8, 18),
(10378, 'Rosis', 'Felisa', 11, 14),
(10379, 'Kamble', 'Fina', 8, 24),
(10380, 'Parfitt', 'Fuensanta', 10, 14),
(10381, 'Dredge', 'Gema', 10, 5),
(10382, 'Aumann', 'Gilda', 10, 2),
(10383, 'Luft', 'Gloria', 9, 14),
(10384, 'Imataki', 'Guillermina', 8, 10),
(10385, 'Miyakawa', 'Greta', 9, 1),
(10386, 'Wrigley', 'Josefa', 9, 10),
(10387, 'Kaiser', 'Juana', 8, 6),
(10388, 'Peir', 'Julia', 8, 17),
(10389, 'Bratten', 'Juncal', 11, 29),
(10390, 'Akaboshi', 'Justina', 9, 3),
(10391, 'Hainaut', 'Leonor', 11, 29),
(10392, 'DasSarma', 'Lara', 8, 17),
(10393, 'Meriste', 'Leticia', 10, 23),
(10394, 'Deverell', 'Lidia', 10, 26),
(10395, 'Rahier', 'Lilia', 10, 19),
(10396, 'Reutenauer', 'Lorena', 10, 26),
(10397, 'Escriba', 'Lourdes', 8, 15),
(10398, 'Marchegay', 'Luz', 9, 7),
(10399, 'Nitto', 'Magdalena', 10, 17),
(10400, 'Barriga', 'Marcela', 9, 23),
(10401, 'Ebeling', 'María Ángeles', 9, 1),
(10402, 'Mungall', 'María Carmen', 9, 4),
(10403, 'Rosti', 'Mariela', 9, 14),
(10404, 'Budinsky', 'Matilde', 11, 26),
(10405, 'Wynblatt', 'Mencía', 11, 26),
(10406, 'Siepmann', 'Mercedes', 10, 21),
(10407, 'Kaiser', 'Micaela', 11, 28),
(10408, 'Straney', 'Milagros', 9, 10),
(10409, 'Gecsei', 'Minerva', 8, 17),
(10410, 'Klerer', 'Miranda', 10, 19),
(10411, 'Fabrizio', 'Mónica', 11, 29),
(10412, 'Impagliazzo', 'Natividad', 10, 16),
(10413, 'Alpin', 'Nazaret', 9, 25),
(10414, 'Coorg', 'Nelia', 9, 27),
(10415, 'Keustermans', 'Nieves', 9, 26),
(10416, 'Bakhtari', 'Noelia', 9, 29),
(10417, 'Porotnikoff', 'Noemí', 10, 6),
(10418, 'Bauknecht', 'Nuria', 9, 7),
(10419, 'Riesenhuber', 'Ofelia', 8, 4),
(10420, 'Marzano', 'Olga', 9, 5),
(10421, 'Rubsam', 'Otilia', 8, 25),
(10422, 'Cronin', 'Palmira', 9, 10),
(10423, 'Straney', 'Paz', 8, 11),
(10424, 'Osgood', 'Piedad', 8, 10),
(10425, 'Luce', 'Pilar', 9, 5),
(10426, 'Sudbeck', 'Pura', 11, 23),
(10427, 'Brlek', 'Rafaela', 10, 6),
(10428, 'Improta', 'Raquel', 9, 5),
(10429, 'Chenney', 'Rebeca', 10, 4),
(10430, 'Bugrara', 'Regina', 11, 29),
(10431, 'Tiemann', 'Remedios', 9, 3),
(10432, 'Dengi', 'Reyes', 10, 29),
(10433, 'Peltason', 'Rita', 9, 11),
(10434, 'Tagansky', 'Romina', 11, 26),
(10435, 'Lammel', 'Rosalía', 10, 22),
(10436, 'Reeker', 'Rosana', 10, 9),
(10437, 'Srimani', 'Rosario', 11, 21),
(10438, 'Jarecki', 'Ruth', 9, 17),
(10439, 'Narahara', 'Sabina', 8, 19),
(10440, 'Perfilyeva', 'Salomé', 11, 22),
(10441, 'Unno', 'Sandra', 9, 29),
(10442, 'Litvinov', 'Saula', 11, 10),
(10443, 'Rosis', 'Sigrid', 10, 5),
(10444, 'Kavanagh', 'Silvia', 9, 13),
(10445, 'Chepyzhov', 'Simona', 8, 2),
(10446, 'Yavatkar', 'Susana', 11, 25),
(10447, 'Oxenboll', 'Tadea', 9, 11),
(10448, 'Sudkamp', 'Tea', 8, 2),
(10449, 'Harbusch', 'Telma', 9, 4),
(10450, 'Ranta', 'Teresa', 11, 29),
(10451, 'Hasham', 'Tiberia', 8, 26),
(10452, 'Matzel', 'Tilda', 8, 20),
(10453, 'Badr', 'Trinidad', 8, 24),
(10454, 'Streng', 'Tulia', 9, 13),
(10455, 'Hardjono', 'Uria', 11, 26),
(10456, 'Schlenzig', 'Úrsula', 11, 26),
(10457, 'Engelmann', 'Vanesa', 11, 9),
(10458, 'Trogemann', 'Ventura', 10, 25),
(10459, 'VanScheik', 'Victoria', 10, 6),
(10460, 'Karcich', 'Vinicia', 9, 19),
(10461, 'Schlenzig', 'Virginia', 11, 3),
(10462, 'Zaiane', 'Virtudes', 9, 1),
(10463, 'Maginnis', 'Viviana', 10, 25),
(10464, 'Shackel', 'David', 11, 20),
(10465, 'Himler', 'Amador', 8, 8),
(10466, 'Suomi', 'Harsal', 10, 16),
(10467, 'Shobatake', 'Romeo', 8, 4),
(10468, 'Ananiadou', 'Valentín', 8, 9),
(10469, 'Iwayama', 'Erasmo', 11, 11),
(10470, 'Yamaashi', 'Eros', 11, 24),
(10471, 'Lodder', 'Amadís', 10, 6),
(10472, 'Oskamp', 'Tadeo', 10, 26),
(10473, 'Garnham', 'Paris', 9, 22),
(10474, 'Rodite', 'Amadeo', 11, 15),
(10475, 'Iisaka', 'Amado', 11, 9),
(10476, 'Trogemann', 'Aziz', 9, 27),
(10477, 'Ushiama', 'Darrell', 9, 7),
(10478, 'Coney', 'Daryl', 11, 27),
(10479, 'Baba', 'Davet', 9, 1),
(10480, 'Pintelas', 'Davis', 8, 10),
(10481, 'Pleszkun', 'Dawit', 11, 6),
(10482, 'Anick', 'Felipe', 10, 5),
(10483, 'Varley', 'Habib', 8, 4),
(10484, 'Sundgren', 'Kelvin', 9, 4),
(10485, 'Kossowski', 'Lennon', 8, 22),
(10486, 'Middleton', 'Milos', 11, 15),
(10487, 'Heering', 'Riku', 11, 5),
(10488, 'Homond', 'Valentiniano', 9, 17),
(10489, 'Vuskovic', 'Valentino', 9, 18),
(10490, 'Narahari', 'Adir', 11, 8),
(10491, 'Kumaresan', 'Carwyn', 10, 27),
(10492, 'Haraldson', 'Can', 8, 16),
(10493, 'Servieres', 'Connolley', 11, 24),
(10494, 'Zhiwei', 'Krishna', 11, 3),
(10495, 'Baig', 'Jeb', 10, 12),
(10496, 'Rabehasaina', 'Erasmus', 8, 18),
(10497, 'Cappelletti', 'Milan', 8, 21),
(10498, 'Luft', 'Tristán', 10, 11),
(10499, 'Narwekar', 'Antonio', 10, 29),
(10500, 'Larfeldt', 'Calixto', 11, 26),
(10501, 'Marshall', 'Connor', 10, 6),
(10502, 'Pell', 'Timoteo', 8, 2),
(10503, 'Varker', 'Ville', 8, 23),
(10504, 'Auria', 'Agapi', 10, 25),
(10505, 'Kroll', 'Amori', 10, 7),
(10506, 'Belinskaya', 'Ehud', 9, 19),
(10507, 'Liedekerke', 'Gaara', 8, 6),
(10508, 'Riesenhuber', 'Mishka', 9, 2),
(10509, 'Slobodova', 'Rudo', 8, 13),
(10510, 'Marrevee', 'Heathcliff', 8, 23),
(10511, 'Gihr', 'Fitzwilliam', 9, 25),
(10512, 'Schicker', 'Charles', 11, 19),
(10513, 'McClure', 'Florentino', 11, 14),
(10514, 'Kirkerud', 'Pedro', 8, 13),
(10515, 'Luga', 'Armando', 9, 20),
(10516, 'Speek', 'Robert', 9, 8),
(10517, 'Lanphier', 'Félix', 8, 21),
(10518, 'Alencar', 'Ricardo', 9, 4),
(10519, 'Ecklund', 'Ginés', 10, 18),
(10520, 'Setia', 'Máximo', 9, 22),
(10521, 'Cesareni', 'César', 9, 27),
(10522, 'Skafidas', 'Alfredo', 9, 6),
(10523, 'Cincotta', 'Eugenio', 11, 17),
(10524, 'Lunt', 'Blas', 8, 12),
(10525, 'Theuretzbacher', 'Gerardo', 8, 23),
(10526, 'Barvinok', 'Nicolás', 8, 7),
(10527, 'Lakshmanan', 'Aiko', 8, 13),
(10528, 'Yetto', 'Anwyl', 10, 9),
(10529, 'Coors', 'Amias', 8, 8),
(10530, 'Gimbel', 'Davi', 10, 17),
(10531, 'Wossner', 'Dilber', 9, 20),
(10532, 'Smailagic', 'Gerwyn', 11, 26),
(10533, 'Bahl', 'Jaimin', 10, 10),
(10534, 'Stroustrup', 'Jed', 8, 20),
(10535, 'Sambasivam', 'Kiefer', 9, 6),
(10536, 'Benzmuller', 'Layden', 9, 8),
(10537, 'Falby', 'Lowell', 10, 3),
(10538, 'Reinhard', 'Luben', 11, 6),
(10539, 'Barriga', 'Navid', 9, 27),
(10540, 'Eiter', 'Raman', 11, 9),
(10541, 'Couchot', 'Sevilin', 11, 12),
(10542, 'Lichtman', 'Taavi', 9, 25),
(10543, 'Krzyzanowski', 'Wilmer', 11, 29),
(10544, 'dAstous', 'Yadid', 9, 22),
(10545, 'Schapiro', 'Oliver', 11, 16),
(10546, 'Brobst', 'Santiago', 9, 24),
(10547, 'Gunderson', 'Rodrigo', 11, 25),
(10548, 'Kisuki', 'Dorian', 10, 28),
(10549, 'Leuchs', 'Holden', 10, 13),
(10550, 'Rijsenbrij', 'Alonso', 10, 16),
(10551, 'Shiratori', 'Julio', 10, 27),
(10552, 'Wallrath', 'Héctor', 9, 5),
(10553, 'Gerlach', 'León', 8, 5),
(10554, 'Picci', 'Ramón', 9, 13),
(10555, 'Taubman', 'Robin', 9, 29),
(10556, 'Karlin', 'Mario', 9, 10),
(10557, 'Famili', 'Gustavo', 11, 25),
(10558, 'Comellas', 'Jacinto', 9, 12),
(10559, 'Esteva', 'Tristan', 8, 1),
(10560, 'Joslin', 'Jack', 11, 8),
(10561, 'Pearson', 'Edward', 11, 28),
(10562, 'Spelt', 'Liesl', 8, 15),
(10563, 'Thisen', 'Henry', 11, 19),
(10564, 'Harnett', 'Wesley', 9, 7),
(10565, 'Zuberek', 'Aarón', 11, 13),
(10566, 'Journel', 'Abdul', 10, 28),
(10567, 'Poulakidas', 'Abel', 10, 6),
(10568, 'Bashian', 'Abelardo', 9, 28),
(10569, 'Morrin', 'Abraham', 9, 7),
(10570, 'Varman', 'Adam', 11, 16),
(10571, 'Axelband', 'Adán', 11, 13),
(10572, 'Speel', 'Adolfo', 11, 5),
(10573, 'Olano', 'Adrián', 11, 6),
(10574, 'Yeung', 'Adriano', 10, 29),
(10575, 'Krychniak', 'Agustín', 10, 14),
(10576, 'Schmiedel', 'Aladino', 9, 27),
(10577, 'Shanbhogue', 'Alan', 10, 12),
(10578, 'Stentiford', 'Alberto', 8, 28),
(10579, 'Rehfuss', 'Alejandro', 10, 6),
(10580, 'Prochazka', 'Alessandro', 9, 25),
(10581, 'Juneja', 'Alexis', 11, 24),
(10582, 'Stille', 'Alfonso', 8, 17),
(10583, 'Papastamatiou', 'Alonso', 8, 22);

-- --------------------------------------------------------

--
-- Estructura Stand-in para la vista `estudiantesdeonce`
-- (Véase abajo para la vista actual)
--
CREATE TABLE `estudiantesdeonce` (
`apellidos` varchar(45)
,`nombres` varchar(20)
,`idestudiantes` int(11)
);

-- --------------------------------------------------------

--
-- Estructura Stand-in para la vista `login`
-- (Véase abajo para la vista actual)
--
CREATE TABLE `login` (
`nombres` varchar(20)
,`apellidos` varchar(45)
,`idestudiantes` int(11)
);

-- --------------------------------------------------------

--
-- Estructura Stand-in para la vista `permisoestudiante`
-- (Véase abajo para la vista actual)
--
CREATE TABLE `permisoestudiante` (
`nombres` varchar(20)
,`apellidos` varchar(45)
,`grado` int(2)
,`motivo` varchar(12)
,`idestudiantes` int(11)
);

-- --------------------------------------------------------

--
-- Estructura Stand-in para la vista `problemamatematicaestudiante`
-- (Véase abajo para la vista actual)
--
CREATE TABLE `problemamatematicaestudiante` (
`apellidos` varchar(45)
,`nombres` varchar(20)
,`idestudiantes` int(11)
,`asignatura` varchar(20)
);

-- --------------------------------------------------------

--
-- Estructura de tabla para la tabla `profesores`
--

CREATE TABLE `profesores` (
  `idProfesor` int(11) NOT NULL,
  `disponibilidad` varchar(20) NOT NULL,
  `asignaturaDocente` varchar(50) NOT NULL,
  `apellido` varchar(50) NOT NULL,
  `nombre` varchar(50) NOT NULL
) ENGINE=InnoDB DEFAULT CHARSET=utf8mb4;

--
-- Volcado de datos para la tabla `profesores`
--

INSERT INTO `profesores` (`idProfesor`, `disponibilidad`, `asignaturaDocente`, `apellido`, `nombre`) VALUES
(100001, 'No Disponible', 'Ética', 'Simmel', 'Uinam'),
(100002, 'Disponible', 'Emprendimiento', 'Bamford', 'Masato'),
(100003, 'Disponible', 'Química', 'Koblick', 'Katsuyuki'),
(100004, 'Disponible', 'Artes', 'Maliniak', 'Terresa'),
(100005, 'No Disponible', 'Matemáticas', 'Preusig', 'Kerhong'),
(100006, 'No Disponible', 'Religión', 'Zielinski', 'Giap'),
(100007, 'No Disponible', 'Matemáticas', 'Kalloufi', 'Munehiro'),
(100008, 'No Disponible', 'Sociales', 'Peac', 'Chenxi'),
(100009, 'No Disponible', 'Español', 'Piveteau', 'Shim'),
(100010, 'Disponible', 'Inglés', 'Sluis', 'Lijie'),
(100011, 'Disponible', 'Matemáticas', 'Bridgland', 'Ashish'),
(100012, 'No Disponible', 'Matemáticas', 'Terkki', 'Berthier'),
(100013, 'No Disponible', 'Ed. Física', 'Genin', 'Shalesh'),
(100014, 'No Disponible', 'Religión', 'Nooteboom', 'Nidapan'),
(100015, 'No Disponible', 'Sociales', 'Cappelletti', 'Renny'),
(100016, 'No Disponible', 'Artes', 'Bouloucos', 'Morris'),
(100017, 'Disponible', 'Inglés', 'Peha', 'Uri'),
(100018, 'No Disponible', 'Religión', 'Haddadi', 'Huan'),
(100019, 'Disponible', 'Matemáticas', 'Warwick', 'Pascal'),
(100020, 'No Disponible', 'Inglés', 'Erde', 'Baocai'),
(100021, 'Disponible', 'Sociales', 'Famili', 'Irena'),
(100022, 'No Disponible', 'Emprendimiento', 'Montemayor', 'Masaru'),
(100023, 'No Disponible', 'Matemáticas', 'Pettey', 'Arfst'),
(100024, 'Disponible', 'Tecnología', 'Heyers', 'Kirk'),
(100025, 'No Disponible', 'Español', 'Berztiss', 'Fan'),
(100026, 'No Disponible', 'Tecnología', 'Reistad', 'Arnd'),
(100027, 'No Disponible', 'Ed. Física', 'Tempesti', 'Willard'),
(100028, 'Disponible', 'Ed. Física', 'Herbst', 'Godehard'),
(100029, 'No Disponible', 'Artes', 'Demeyer', 'Alper'),
(100030, 'Disponible', 'Religión', 'Joslin', 'Fen'),
(100031, 'No Disponible', 'Emprendimiento', 'Reistad', 'Toong'),
(100032, 'Disponible', 'Inglés', 'Merlo', 'Hidde'),
(100033, 'No Disponible', 'Ed. Física', 'Swan', 'Krisda'),
(100034, 'Disponible', 'Religión', 'Chappelet', 'Huiqun'),
(100035, 'Disponible', 'Sociales', 'Portugali', 'Tomoyuki'),
(100036, 'No Disponible', 'Emprendimiento', 'Makrucki', 'Jianhua'),
(100037, 'Disponible', 'Religión', 'Lortz', 'Chuanti'),
(100038, 'Disponible', 'Religión', 'Brender', 'Deniz'),
(100039, 'Disponible', 'Español', 'Meriste', 'Gurbir'),
(100040, 'No Disponible', 'Sociales', 'Lenart', 'Mohammad'),
(100041, 'Disponible', 'Química', 'Stamatiou', 'Pranav'),
(100042, 'Disponible', 'Química', 'Tzvieli', 'Berni'),
(100043, 'No Disponible', 'Ed. Física', 'Casley', 'Honesty'),
(100044, 'No Disponible', 'Artes', 'Shanbhogue', 'Dipayan'),
(100045, 'Disponible', 'Ética', 'Rosenbaum', 'Hidde'),
(100046, 'No Disponible', 'Tecnología', 'Nyanchama', 'Tokuyasu'),
(100047, 'No Disponible', 'Sociales', 'Syrotiuk', 'Theirry'),
(100048, 'No Disponible', 'Artes', 'Tramer', 'Fen'),
(100049, 'No Disponible', 'Religión', 'Dredge', 'Makato'),
(100050, 'No Disponible', 'Religión', 'Caine', 'Florina'),
(100051, 'No Disponible', 'Sociales', 'Nitsch', 'Piyawadee'),
(100052, 'No Disponible', 'Religión', 'Zschoche', 'Hercules'),
(100053, 'Disponible', 'Sociales', 'Schueller', 'Yoshinari'),
(100054, 'No Disponible', 'Español', 'Dredge', 'Jagoda'),
(100055, 'Disponible', 'Religión', 'Bernini', 'Kwangho'),
(100056, 'No Disponible', 'Español', 'Callaway', 'Sreenivas'),
(100057, 'Disponible', 'Inglés', 'McFarlin', 'Fusako'),
(100058, 'Disponible', 'Artes', 'McAlpine', 'Kenroku'),
(100059, 'No Disponible', 'Matemáticas', 'Billingsley', 'King'),
(100060, 'No Disponible', 'Ed. Física', 'Herber', 'Gino'),
(100061, 'Disponible', 'Emprendimiento', 'Peyn', 'Howell'),
(100062, 'Disponible', 'Inglés', 'Leonhardt', 'Zhenbing'),
(100063, 'Disponible', 'Química', 'Jansch', 'Byong'),
(100064, 'Disponible', 'Artes', 'Awdeh', 'Elliott'),
(100065, 'Disponible', 'Español', 'Schusler', 'Danco'),
(100066, 'No Disponible', 'Inglés', 'Stavenow', 'Fayez'),
(100067, 'No Disponible', 'Inglés', 'Brattka', 'Billur'),
(100068, 'No Disponible', 'Ética', 'Bierman', 'Houman'),
(100069, 'No Disponible', 'Inglés', 'Garigliano', 'Guangming'),
(100070, 'No Disponible', 'Sociales', 'Lipner', 'Shahid'),
(100071, 'Disponible', 'Emprendimiento', 'Sidou', 'Aram'),
(100072, 'Disponible', 'Ética', 'McClurg', 'Karoline'),
(100073, 'No Disponible', 'Química', 'Bernatsky', 'Sukumar'),
(100074, 'No Disponible', 'Español', 'Dolinsky', 'Mahmut'),
(100075, 'No Disponible', 'Artes', 'Ritzmann', 'Filipp'),
(100076, 'No Disponible', 'Religión', 'Azuma', 'Vincent'),
(100077, 'Disponible', 'Español', 'Mondadori', 'Subir'),
(100078, 'Disponible', 'Español', 'Gils', 'Lakshmi'),
(100079, 'Disponible', 'Ed. Física', 'Baek', 'Muzhong'),
(100080, 'Disponible', 'Química', 'Rosen', 'Weiye'),
(100081, 'No Disponible', 'Ética', 'Lortz', 'Katsuo'),
(100082, 'Disponible', 'Ed. Física', 'Zockler', 'Fun'),
(100083, 'Disponible', 'Matemáticas', 'Kalloufi', 'Shimshon'),
(100084, 'Disponible', 'Matemáticas', 'Malabarba', 'Teunis'),
(100085, 'No Disponible', 'Química', 'Foote', 'Rayond'),
(100086, 'Disponible', 'Artes', 'Eugenio', 'Sushant'),
(100087, 'Disponible', 'Inglés', 'Syrzycki', 'Lunjin'),
(100088, 'Disponible', 'Tecnología', 'Flasterstein', 'Kwangho'),
(100089, 'No Disponible', 'Inglés', 'Hofting', 'Cheong'),
(100090, 'Disponible', 'Inglés', 'Gomatam', 'Ramzi'),
(100091, 'Disponible', 'Sociales', 'Niizuma', 'Susanne'),
(100092, 'Disponible', 'Emprendimiento', 'Desikan', 'Kazunori'),
(100093, 'No Disponible', 'Tecnología', 'Ossenbruggen', 'Danil'),
(100094, 'Disponible', 'Español', 'Morton', 'Suebskul'),
(100095, 'Disponible', 'Matemáticas', 'Mandell', 'Vishwani'),
(100096, 'Disponible', 'Sociales', 'Waschkowski', 'Adil'),
(100097, 'No Disponible', 'Español', 'Servieres', 'Arno'),
(100098, 'No Disponible', 'Química', 'Sullins', 'Munenori'),
(100099, 'Disponible', 'Emprendimiento', 'Ranta', 'Valery'),
(100100, 'No Disponible', 'Tecnología', 'Awdeh', 'Ferdinand'),
(100101, 'No Disponible', 'Tecnología', 'Kavraki', 'Chrisa'),
(100102, 'No Disponible', 'Matemáticas', 'Lichtner', 'Inderjeet'),
(100103, 'Disponible', 'Ética', 'Escriba', 'Visit'),
(100104, 'No Disponible', 'Español', 'Ritcey', 'Debatosh'),
(100105, 'No Disponible', 'Matemáticas', 'Leijenhorst', 'Jianhui'),
(100106, 'No Disponible', 'Artes', 'Iwayama', 'Munehiro'),
(100107, 'Disponible', 'Tecnología', 'Anandan', 'JiYoung'),
(100108, 'Disponible', 'Química', 'Klerer', 'Rajmohan'),
(100109, 'Disponible', 'Tecnología', 'Ellozy', 'Georgi'),
(100110, 'Disponible', 'Español', 'Alpin', 'Arco'),
(100111, 'Disponible', 'Inglés', 'Strehl', 'Shay'),
(100112, 'No Disponible', 'Matemáticas', 'Esteva', 'Oscal'),
(100113, 'Disponible', 'Artes', 'Kakkad', 'Narain'),
(100114, 'No Disponible', 'Ed. Física', 'Ciolek', 'Mizuhito'),
(100115, 'No Disponible', 'Español', 'Duclos', 'Valery'),
(100116, 'Disponible', 'Ed. Física', 'Ghemri', 'Make'),
(100117, 'No Disponible', 'Español', 'Roison', 'Tesuya'),
(100118, 'Disponible', 'Ética', 'Magalhaes', 'Susumu'),
(100119, 'Disponible', 'Sociales', 'Kolvik', 'Reinhard'),
(100120, 'Disponible', 'Religión', 'Fasbender', 'Ronghao'),
(100121, 'No Disponible', 'Ética', 'Granlund', 'Mara'),
(100122, 'No Disponible', 'Ed. Física', 'Nourani', 'Kyoichi'),
(100123, 'No Disponible', 'Ética', 'Schmiedel', 'Younwoo'),
(100124, 'No Disponible', 'Ed. Física', 'Trogemann', 'Hironoby'),
(100125, 'Disponible', 'Español', 'Chinen', 'Heng'),
(100126, 'Disponible', 'Emprendimiento', 'Plessier', 'Leni'),
(100127, 'Disponible', 'Sociales', 'Kaiser', 'Gal'),
(100128, 'No Disponible', 'Religión', 'Cesareni', 'Udaiprakash'),
(100129, 'No Disponible', 'Sociales', 'Takanami', 'Sumali'),
(100130, 'Disponible', 'Ed. Física', 'Vernadat', 'Arch'),
(100131, 'Disponible', 'Emprendimiento', 'Desikan', 'Abdulla'),
(100132, 'No Disponible', 'Matemáticas', 'Auria', 'Avishai'),
(100133, 'Disponible', 'Sociales', 'Vendrig', 'Juyoung'),
(100134, 'No Disponible', 'Emprendimiento', 'Bakhtari', 'Bartek'),
(100135, 'No Disponible', 'Química', 'Roccetti', 'Morris'),
(100136, 'Disponible', 'Religión', 'Bade', 'Mountaz'),
(100137, 'No Disponible', 'Química', 'Mandell', 'Anyuan'),
(100138, 'Disponible', 'Sociales', 'Gire', 'Shaowei'),
(100139, 'Disponible', 'Emprendimiento', 'Llado', 'Matk'),
(100140, 'No Disponible', 'Sociales', 'Maccarone', 'Aleksander'),
(100141, 'No Disponible', 'Matemáticas', 'Murillo', 'Katsuyuki'),
(100142, 'Disponible', 'Artes', 'Ozeri', 'Toshimitsu'),
(100143, 'No Disponible', 'Tecnología', 'Pouyioutas', 'Berna'),
(100144, 'Disponible', 'Religión', 'Flasterstein', 'Remko'),
(100145, 'No Disponible', 'Artes', 'Gente', 'Kazuhiro'),
(100146, 'No Disponible', 'Ética', 'Teitelbaum', 'Shaz'),
(100147, 'Disponible', 'Sociales', 'Riefers', 'Gor'),
(100148, 'Disponible', 'Matemáticas', 'Tempesti', 'Shigehito'),
(100149, 'No Disponible', 'Ética', 'Boreale', 'Shigeichiro'),
(100150, 'No Disponible', 'Química', 'Etalle', 'Sushant'),
(100151, 'No Disponible', 'Inglés', 'Rosenbaum', 'Marco'),
(100152, 'No Disponible', 'Religión', 'Wegerle', 'Inderjeet'),
(100153, 'Disponible', 'Español', 'Salinas', 'Jahangir'),
(100154, 'Disponible', 'Química', 'Brattka', 'Ranga'),
(100155, 'No Disponible', 'Inglés', 'Garnick', 'Urs'),
(100156, 'No Disponible', 'Emprendimiento', 'Radhakrishnan', 'Arno'),
(100157, 'No Disponible', 'Matemáticas', 'Riexinger', 'Duke'),
(100158, 'No Disponible', 'Religión', 'Ishibashi', 'Huican'),
(100159, 'No Disponible', 'Sociales', 'Vesel', 'Kerryn'),
(100160, 'No Disponible', 'Matemáticas', 'Suomi', 'Billur'),
(100161, 'No Disponible', 'Ed. Física', 'Erie', 'Weiwu'),
(100162, 'No Disponible', 'Emprendimiento', 'Maraist', 'Naraig'),
(100163, 'Disponible', 'Religión', 'Waterhouse', 'Hatsukazu'),
(100164, 'No Disponible', 'Tecnología', 'Kawashimo', 'Takushi'),
(100165, 'Disponible', 'Inglés', 'Muniz', 'Eckart'),
(100166, 'No Disponible', 'Artes', 'Rassart', 'Danel'),
(100167, 'No Disponible', 'Ética', 'Cullers', 'Eran'),
(100168, 'Disponible', 'Ética', 'Siochi', 'Lakshmi'),
(100169, 'Disponible', 'Ética', 'Oxman', 'Premal'),
(100170, 'Disponible', 'Inglés', 'Hartvigsen', 'Gen'),
(100171, 'Disponible', 'Emprendimiento', 'Eastman', 'Isamu'),
(100172, 'No Disponible', 'Matemáticas', 'Cannane', 'Fumiko'),
(100173, 'Disponible', 'Inglés', 'Lieblein', 'Valdiodio'),
(100174, 'No Disponible', 'Religión', 'Pearson', 'Muneo'),
(100175, 'Disponible', 'Sociales', 'Luck', 'Peternela'),
(100176, 'Disponible', 'Artes', 'Hempstead', 'Hitomi'),
(100177, 'Disponible', 'Ed. Física', 'Schwartzbauer', 'Toong'),
(100178, 'Disponible', 'Tecnología', 'Nitsch', 'Huiqun'),
(100179, 'No Disponible', 'Tecnología', 'Jumpertz', 'Elrique'),
(100180, 'Disponible', 'Artes', 'Delgrange', 'Filipp'),
(100181, 'No Disponible', 'Tecnología', 'Kusakari', 'Sugwoo'),
(100182, 'No Disponible', 'Tecnología', 'Benzmuller', 'Yishay'),
(100183, 'No Disponible', 'Química', 'Birjandi', 'Somnath'),
(100184, 'Disponible', 'Ética', 'Murrill', 'Pranjal'),
(100185, 'No Disponible', 'Artes', 'Preusig', 'Chiradeep'),
(100186, 'Disponible', 'Ed. Física', 'Gopalakrishnan', 'Masako'),
(100187, 'No Disponible', 'Ed. Física', 'Pietracaprina', 'Flemming'),
(100188, 'Disponible', 'Matemáticas', 'Perri', 'Chinya'),
(100189, 'No Disponible', 'Ed. Física', 'Poulakidas', 'Sumali'),
(100190, 'No Disponible', 'Tecnología', 'Pleszkun', 'Shin'),
(100191, 'No Disponible', 'Emprendimiento', 'Seghrouchni', 'Munehiro'),
(100192, 'No Disponible', 'Sociales', 'Ghelli', 'Zhensheng'),
(100193, 'No Disponible', 'Ed. Física', 'Avouris', 'Arve'),
(100194, 'No Disponible', 'Emprendimiento', 'Miara', 'Divine'),
(100195, 'Disponible', 'Religión', 'Velardi', 'Chenye'),
(100196, 'Disponible', 'Matemáticas', 'Lorho', 'Matk'),
(100197, 'No Disponible', 'Ed. Física', 'Oaver', 'Alselm'),
(100198, 'Disponible', 'Matemáticas', 'DuCasse', 'Marlo'),
(100199, 'No Disponible', 'Ética', 'Stentiford', 'Insup'),
(100200, 'No Disponible', 'Inglés', 'Haraldson', 'Alain'),
(100201, 'No Disponible', 'Química', 'Heyers', 'Make'),
(100202, 'Disponible', 'Tecnología', 'Luby', 'Wanqing'),
(100203, 'No Disponible', 'Artes', 'Birch', 'Hongzue'),
(100204, 'Disponible', 'Sociales', 'Warwick', 'Jiann'),
(100205, 'Disponible', 'Matemáticas', 'Piveteau', 'Yagil'),
(100206, 'Disponible', 'Español', 'Aingworth', 'Shawna'),
(100207, 'Disponible', 'Química', 'Baca', 'Takahiro'),
(100208, 'No Disponible', 'Tecnología', 'Giveon', 'Sibyl'),
(100209, 'Disponible', 'Español', 'Prampolini', 'Irena'),
(100210, 'Disponible', 'Química', 'Ullian', 'Shooichi'),
(100211, 'No Disponible', 'Química', 'Rosis', 'Guenter'),
(100212, 'No Disponible', 'Inglés', 'Swick', 'Ortrud'),
(100213, 'No Disponible', 'Química', 'Syrzycki', 'Eckart'),
(100214, 'Disponible', 'Matemáticas', 'Demeyer', 'Volkmar'),
(100215, 'No Disponible', 'Química', 'Rissland', 'Atreyi'),
(100216, 'No Disponible', 'Química', 'Czap', 'Prodip'),
(100217, 'No Disponible', 'Artes', 'Blokdijk', 'Hilary'),
(100218, 'No Disponible', 'Matemáticas', 'Zyda', 'Sigeru'),
(100219, 'No Disponible', 'Tecnología', 'Peltason', 'Ulf'),
(100220, 'Disponible', 'Química', 'Fairtlough', 'Martijn'),
(100221, 'Disponible', 'Español', 'Ramsay', 'Mario'),
(100222, 'No Disponible', 'Química', 'Esposito', 'Takahito'),
(100223, 'Disponible', 'Tecnología', 'Randi', 'Lidong'),
(100224, 'Disponible', 'Artes', 'Marwedel', 'Masoud'),
(100225, 'Disponible', 'Español', 'Hiltgen', 'Danel'),
(100226, 'No Disponible', 'Emprendimiento', 'Valtorta', 'Yinlin'),
(100227, 'Disponible', 'Inglés', 'Baja', 'Mark'),
(100228, 'No Disponible', 'Tecnología', 'Lamba', 'Uli'),
(100229, 'No Disponible', 'Sociales', 'Peir', 'Bingning'),
(100230, 'No Disponible', 'Ética', 'Casperson', 'Candida'),
(100231, 'Disponible', 'Matemáticas', 'Eldridge', 'Maria'),
(100232, 'No Disponible', 'Tecnología', 'Skrikant', 'Kaijung'),
(100233, 'No Disponible', 'Química', 'Isaak', 'Divine'),
(100234, 'No Disponible', 'Tecnología', 'Siprelle', 'Greger'),
(100235, 'Disponible', 'Español', 'Monkewich', 'Dante'),
(100236, 'Disponible', 'Inglés', 'Pintelas', 'Babette'),
(100237, 'No Disponible', 'Emprendimiento', 'Hutton', 'Sashi'),
(100238, 'Disponible', 'Artes', 'Shimshoni', 'Arunas'),
(100239, 'No Disponible', 'Sociales', 'Foong', 'Khosrow'),
(100240, 'Disponible', 'Tecnología', 'Auria', 'Cathie'),
(100241, 'Disponible', 'Tecnología', 'Ishibashi', 'Martien'),
(100242, 'No Disponible', 'Emprendimiento', 'Hettesheimer', 'Ferdinand'),
(100243, 'Disponible', 'Español', 'Bakhtari', 'Patricio'),
(100244, 'No Disponible', 'Español', 'Brendel', 'Hisao'),
(100245, 'Disponible', 'Tecnología', 'Esposito', 'Reuven'),
(100246, 'Disponible', 'Emprendimiento', 'Syang', 'Dzung'),
(100247, 'No Disponible', 'Inglés', 'Encarnacion', 'Marsha'),
(100248, 'No Disponible', 'Español', 'Azumi', 'Yahiko'),
(100249, 'Disponible', 'Química', 'Perry', 'Narain'),
(100250, 'Disponible', 'Emprendimiento', 'Perng', 'Evgueni'),
(100251, 'No Disponible', 'Emprendimiento', 'Lichtner', 'Jolita'),
(100252, 'No Disponible', 'Química', 'Munro', 'Akeel'),
(100253, 'No Disponible', 'Religión', 'Majewski', 'Adel'),
(100254, 'No Disponible', 'Artes', 'Thibadeau', 'Volkmar'),
(100255, 'No Disponible', 'Español', 'Nastansky', 'Shichao'),
(100256, 'No Disponible', 'Matemáticas', 'Fargier', 'Kazuhira'),
(100257, 'Disponible', 'Inglés', 'Aloisi', 'Junichi'),
(100258, 'Disponible', 'Química', 'Mitsuhashi', 'Ebru'),
(100259, 'No Disponible', 'Ética', 'Buescher', 'Ronghao'),
(100260, 'No Disponible', 'Ed. Física', 'Khasidashvili', 'Phule'),
(100261, 'Disponible', 'Artes', 'Mellouli', 'Aleksandar'),
(100262, 'Disponible', 'Artes', 'Eugenio', 'Khun'),
(100263, 'Disponible', 'Inglés', 'Szmurlo', 'Bodh'),
(100264, 'Disponible', 'Tecnología', 'Braunmuhl', 'Werner'),
(100265, 'Disponible', 'Español', 'Macedo', 'Tsvetan'),
(100266, 'No Disponible', 'Religión', 'Siegrist', 'Wonhee'),
(100267, 'No Disponible', 'Tecnología', 'Rassart', 'Sverrir'),
(100268, 'No Disponible', 'Artes', 'Stassinopoulos', 'Stepehn'),
(100269, 'Disponible', 'Matemáticas', 'Snedden', 'Oddvar'),
(100270, 'No Disponible', 'Ed. Física', 'Jenevein', 'Gina'),
(100271, 'No Disponible', 'Artes', 'Trachtenberg', 'Ennio'),
(100272, 'Disponible', 'Inglés', 'Matzen', 'Shushma'),
(100273, 'Disponible', 'Religión', 'Mahmud', 'Gal'),
(100274, 'Disponible', 'Ética', 'Furudate', 'Sumali'),
(100275, 'Disponible', 'Tecnología', 'Ananiadou', 'Ung'),
(100276, 'Disponible', 'Inglés', 'Lenart', 'Mang'),
(100277, 'Disponible', 'Matemáticas', 'Iisaka', 'Claudi'),
(100278, 'Disponible', 'Ed. Física', 'Litvinov', 'Jiakeng'),
(100279, 'No Disponible', 'Inglés', 'Duclos', 'Dipayan'),
(100280, 'Disponible', 'Español', 'Wendorf', 'Yoshimitsu'),
(100281, 'No Disponible', 'Ed. Física', 'Nooteboom', 'Munehiko'),
(100282, 'Disponible', 'Tecnología', 'Merey', 'Peternela'),
(100283, 'No Disponible', 'Emprendimiento', 'Bonifati', 'Jouko'),
(100284, 'No Disponible', 'Español', 'Lowrie', 'Salvador'),
(100285, 'No Disponible', 'Tecnología', 'Sidhu', 'Przemyslawa'),
(100286, 'No Disponible', 'Sociales', 'Kropatsch', 'Kenton'),
(100287, 'Disponible', 'Química', 'Narwekar', 'Mario'),
(100288, 'Disponible', 'Tecnología', 'Muchinsky', 'Kokou'),
(100289, 'No Disponible', 'Religión', 'Erva', 'Guoxiang'),
(100290, 'Disponible', 'Español', 'Fairtlough', 'Maik'),
(100291, 'No Disponible', 'Inglés', 'Nastansky', 'Duro'),
(100292, 'Disponible', 'Artes', 'Falck', 'Make'),
(100293, 'Disponible', 'Ética', 'Cheshire', 'Yongmao'),
(100294, 'Disponible', 'Química', 'Hofmeyr', 'Goa'),
(100295, 'No Disponible', 'Emprendimiento', 'Redmiles', 'Zhiwei'),
(100296, 'Disponible', 'Tecnología', 'Hellwagner', 'Nirmal'),
(100297, 'No Disponible', 'Tecnología', 'Krzyzanowski', 'Teruyuki'),
(100298, 'Disponible', 'Sociales', 'Furedi', 'Amstein'),
(100299, 'No Disponible', 'Español', 'Ulupinar', 'Perla'),
(100300, 'Disponible', 'Tecnología', 'Staudhammer', 'Mihalis'),
(100301, 'Disponible', 'Artes', 'Baer', 'Elvia'),
(100302, 'Disponible', 'Ética', 'Zschoche', 'Huiqun'),
(100303, 'Disponible', 'Sociales', 'Erie', 'Garnik'),
(100304, 'No Disponible', 'Emprendimiento', 'Piancastelli', 'Lobel'),
(100305, 'No Disponible', 'Ed. Física', 'Kilgour', 'Maris'),
(100306, 'Disponible', 'Inglés', 'Leaver', 'Yakkov'),
(100307, 'No Disponible', 'Ética', 'Holburn', 'Anyuan'),
(100308, 'No Disponible', 'Religión', 'Schusler', 'Gretta'),
(100309, 'Disponible', 'Sociales', 'Alencar', 'Pramod'),
(100310, 'Disponible', 'Química', 'Molenkamp', 'Valter'),
(100311, 'No Disponible', 'Religión', 'Deyuan', 'Maik'),
(100312, 'No Disponible', 'Artes', 'Riexinger', 'Vojin'),
(100313, 'No Disponible', 'Tecnología', 'Apsitis', 'Susuma'),
(100314, 'Disponible', 'Sociales', 'Angelopoulos', 'Yonghoan'),
(100315, 'No Disponible', 'Sociales', 'Schwaller', 'Dannz'),
(100316, 'No Disponible', 'Ed. Física', 'Birge', 'Xiong'),
(100317, 'Disponible', 'Tecnología', 'Beilner', 'Isamu'),
(100318, 'Disponible', 'Ética', 'Miyakawa', 'Kazuhisa'),
(100319, 'Disponible', 'Química', 'Stasinski', 'Kasidit'),
(100320, 'Disponible', 'Tecnología', 'Ravishankar', 'Kotesh'),
(100321, 'Disponible', 'Inglés', 'Dahlbom', 'Abdelwaheb'),
(100322, 'Disponible', 'Emprendimiento', 'Hinsberger', 'Keung'),
(100323, 'No Disponible', 'Tecnología', 'Rouquie', 'Khoa'),
(100324, 'No Disponible', 'Ed. Física', 'Badr', 'Udi'),
(100325, 'Disponible', 'Química', 'Czap', 'Yuichiro'),
(100326, 'No Disponible', 'Emprendimiento', 'Facello', 'Tomofumi'),
(100327, 'Disponible', 'Matemáticas', 'Kawashima', 'Raimond'),
(100328, 'Disponible', 'Ética', 'Shigei', 'Xiadong'),
(100329, 'Disponible', 'Artes', 'Bellmore', 'Tiina'),
(100330, 'Disponible', 'Tecnología', 'Binkley', 'Marin'),
(100331, 'No Disponible', 'Matemáticas', 'Bain', 'Yonghoan'),
(100332, 'No Disponible', 'Sociales', 'Dymetman', 'Jenwei'),
(100333, 'No Disponible', 'Artes', 'Erie', 'Kwangsub'),
(100334, 'Disponible', 'Química', 'Bahi', 'Marke'),
(100335, 'Disponible', 'Tecnología', 'Rothe', 'Malu'),
(100336, 'No Disponible', 'Matemáticas', 'Sadowsky', 'Shigehiro'),
(100337, 'Disponible', 'Emprendimiento', 'Ranai', 'Yuchang'),
(100338, 'Disponible', 'Emprendimiento', 'Liedekerke', 'Kwangho'),
(100339, 'Disponible', 'Química', 'Laventhal', 'Tetsushi'),
(100340, 'No Disponible', 'Ed. Física', 'Greenaway', 'Koichi'),
(100341, 'Disponible', 'Ed. Física', 'Hiroyama', 'Ymte'),
(100342, 'Disponible', 'Tecnología', 'Syrzycki', 'Boriana'),
(100343, 'No Disponible', 'Ética', 'Garnier', 'Oguz'),
(100344, 'No Disponible', 'Español', 'Ratnakar', 'Mary'),
(100345, 'Disponible', 'Español', 'Radwan', 'Mohamadou'),
(100346, 'Disponible', 'Ética', 'Kaminger', 'Dinah'),
(100347, 'Disponible', 'Religión', 'Picco', 'Shalesh'),
(100348, 'No Disponible', 'Artes', 'Brodie', 'Yechiam'),
(100349, 'Disponible', 'Ética', 'Kavvadias', 'Stella'),
(100350, 'Disponible', 'Emprendimiento', 'Strehl', 'Przemyslawa'),
(100351, 'No Disponible', 'Emprendimiento', 'Ohori', 'Yucel'),
(100352, 'No Disponible', 'Sociales', 'Hammerschmidt', 'Martins'),
(100353, 'No Disponible', 'Inglés', 'Kusakari', 'Godehard'),
(100354, 'No Disponible', 'Español', 'Cochrane', 'Yannis'),
(100355, 'No Disponible', 'Matemáticas', 'Standera', 'Lein'),
(100356, 'No Disponible', 'Ética', 'Sidhu', 'Ishfaq'),
(100357, 'Disponible', 'Inglés', 'Tagansky', 'Hauke'),
(100358, 'Disponible', 'Química', 'Sambasivam', 'Nechama'),
(100359, 'No Disponible', 'Sociales', 'Munck', 'Snehasis'),
(100360, 'No Disponible', 'Tecnología', 'Sidou', 'Ramalingam'),
(100361, 'No Disponible', 'Ética', 'dAstous', 'Beshir'),
(100362, 'No Disponible', 'Sociales', 'Muniz', 'Manton'),
(100363, 'No Disponible', 'Ética', 'Dengi', 'Jeong'),
(100364, 'No Disponible', 'Matemáticas', 'Granlund', 'Kazuhito'),
(100365, 'Disponible', 'Ética', 'Piazza', 'Rajmohan'),
(100366, 'No Disponible', 'Matemáticas', 'Gini', 'Dines'),
(100367, 'No Disponible', 'Sociales', 'Koshiba', 'Vitaly'),
(100368, 'Disponible', 'Emprendimiento', 'Toyoshima', 'JoAnna'),
(100369, 'Disponible', 'Ed. Física', 'Fandrianto', 'Sashi'),
(100370, 'No Disponible', 'Emprendimiento', 'Kirkerud', 'Hisao'),
(100371, 'Disponible', 'Sociales', 'Frijda', 'Arumugam'),
(100372, 'No Disponible', 'Artes', 'Heijenga', 'Yinlin'),
(100373, 'No Disponible', 'Ed. Física', 'Rosin', 'Serge'),
(100374, 'No Disponible', 'Emprendimiento', 'Kalafatis', 'Shuky'),
(100375, 'Disponible', 'Matemáticas', 'Bale', 'Mohit'),
(100376, 'Disponible', 'Matemáticas', 'Grospietsch', 'Jianhao'),
(100377, 'Disponible', 'Religión', 'Lichtner', 'Yishay'),
(100378, 'No Disponible', 'Inglés', 'Rosis', 'Jianhui'),
(100379, 'No Disponible', 'Tecnología', 'Kamble', 'Dietrich'),
(100380, 'Disponible', 'Matemáticas', 'Parfitt', 'Gao'),
(100381, 'No Disponible', 'Religión', 'Dredge', 'Sreenivas'),
(100382, 'Disponible', 'Ed. Física', 'Aumann', 'Alassane'),
(100383, 'No Disponible', 'Español', 'Luft', 'Fun'),
(100384, 'Disponible', 'Tecnología', 'Imataki', 'Cordelia'),
(100385, 'Disponible', 'Ética', 'Miyakawa', 'Tetsushi'),
(100386, 'No Disponible', 'Ética', 'Wrigley', 'Salvador'),
(100387, 'Disponible', 'Religión', 'Kaiser', 'Theirry'),
(100388, 'No Disponible', 'Artes', 'Peir', 'Xiaoqiu'),
(100389, 'Disponible', 'Emprendimiento', 'Bratten', 'Ennio'),
(100390, 'Disponible', 'Química', 'Akaboshi', 'Shigeaki'),
(100391, 'Disponible', 'Inglés', 'Hainaut', 'Aiman'),
(100392, 'Disponible', 'Ética', 'DasSarma', 'Christoper'),
(100393, 'Disponible', 'Inglés', 'Meriste', 'Odinaldo'),
(100394, 'No Disponible', 'Química', 'Deverell', 'Shmuel'),
(100395, 'No Disponible', 'Religión', 'Rahier', 'Prasadram'),
(100396, 'No Disponible', 'Emprendimiento', 'Reutenauer', 'Mana'),
(100397, 'No Disponible', 'Matemáticas', 'Escriba', 'Sajjad'),
(100398, 'No Disponible', 'Ética', 'Marchegay', 'Kirk'),
(100399, 'No Disponible', 'Matemáticas', 'Nitto', 'Behnaam'),
(100400, 'No Disponible', 'Tecnología', 'Barriga', 'Shigeo'),
(100401, 'No Disponible', 'Química', 'Ebeling', 'Subbu'),
(100402, 'Disponible', 'Ed. Física', 'Mungall', 'Yongqiao'),
(100403, 'Disponible', 'Inglés', 'Rosti', 'Hidde'),
(100404, 'No Disponible', 'Química', 'Budinsky', 'Almudena'),
(100405, 'No Disponible', 'Español', 'Wynblatt', 'Falguni'),
(100406, 'No Disponible', 'Ética', 'Siepmann', 'Kiyokazu'),
(100407, 'Disponible', 'Ética', 'Kaiser', 'Giri'),
(100408, 'No Disponible', 'Química', 'Straney', 'Sanjit'),
(100409, 'No Disponible', 'Español', 'Gecsei', 'Lucien'),
(100410, 'No Disponible', 'Química', 'Klerer', 'Margo'),
(100411, 'No Disponible', 'Inglés', 'Fabrizio', 'Seshu'),
(100412, 'No Disponible', 'Religión', 'Impagliazzo', 'Emran'),
(100413, 'No Disponible', 'Emprendimiento', 'Alpin', 'Barton'),
(100414, 'Disponible', 'Artes', 'Coorg', 'Douadi'),
(100415, 'Disponible', 'Matemáticas', 'Keustermans', 'Wayne'),
(100416, 'Disponible', 'Química', 'Bakhtari', 'Susanna'),
(100417, 'No Disponible', 'Matemáticas', 'Porotnikoff', 'Moti'),
(100418, 'Disponible', 'Ética', 'Bauknecht', 'Toshiki'),
(100419, 'Disponible', 'Química', 'Riesenhuber', 'Rosalyn'),
(100420, 'Disponible', 'Inglés', 'Marzano', 'Adhemar'),
(100421, 'Disponible', 'Tecnología', 'Rubsam', 'Janche'),
(100422, 'Disponible', 'Sociales', 'Cronin', 'Irena'),
(100423, 'No Disponible', 'Sociales', 'Straney', 'Karsten'),
(100424, 'No Disponible', 'Religión', 'Osgood', 'Gil'),
(100425, 'No Disponible', 'Ética', 'Luce', 'Inderjeet'),
(100426, 'No Disponible', 'Tecnología', 'Sudbeck', 'Gila'),
(100427, 'Disponible', 'Religión', 'Brlek', 'Keung'),
(100428, 'Disponible', 'Matemáticas', 'Improta', 'Tommaso'),
(100429, 'Disponible', 'Emprendimiento', 'Chenney', 'Hidekazu'),
(100430, 'Disponible', 'Emprendimiento', 'Bugrara', 'Ranga'),
(100431, 'No Disponible', 'Sociales', 'Tiemann', 'Vivian'),
(100432, 'Disponible', 'Química', 'Dengi', 'Marit'),
(100433, 'Disponible', 'Artes', 'Peltason', 'Hinrich'),
(100434, 'No Disponible', 'Inglés', 'Tagansky', 'Turgut'),
(100435, 'No Disponible', 'Inglés', 'Lammel', 'Aleksander'),
(100436, 'No Disponible', 'Español', 'Reeker', 'Sham'),
(100437, 'Disponible', 'Sociales', 'Srimani', 'Leszek'),
(100438, 'No Disponible', 'Sociales', 'Jarecki', 'Danil'),
(100439, 'No Disponible', 'Emprendimiento', 'Narahara', 'Shigeu'),
(100440, 'No Disponible', 'Química', 'Perfilyeva', 'Krisda'),
(100441, 'Disponible', 'Matemáticas', 'Unno', 'Lalit'),
(100442, 'Disponible', 'Tecnología', 'Litvinov', 'Bezalel'),
(100443, 'No Disponible', 'Artes', 'Rosis', 'Inderjeet'),
(100444, 'Disponible', 'Química', 'Kavanagh', 'Yoshimitsu'),
(100445, 'Disponible', 'Química', 'Chepyzhov', 'Sorina'),
(100446, 'Disponible', 'Español', 'Yavatkar', 'Nahid'),
(100447, 'No Disponible', 'Ética', 'Oxenboll', 'Toney'),
(100448, 'No Disponible', 'Ed. Física', 'Sudkamp', 'Saeko'),
(100449, 'No Disponible', 'Religión', 'Harbusch', 'Heejo'),
(100450, 'Disponible', 'Español', 'Ranta', 'Jenwei'),
(100451, 'Disponible', 'Artes', 'Hasham', 'Pramod'),
(100452, 'Disponible', 'Emprendimiento', 'Matzel', 'Anneke'),
(100453, 'Disponible', 'Sociales', 'Badr', 'Guozhong'),
(100454, 'Disponible', 'Tecnología', 'Streng', 'Hirochika'),
(100455, 'Disponible', 'Emprendimiento', 'Hardjono', 'Slavian'),
(100456, 'No Disponible', 'Español', 'Schlenzig', 'Pranas'),
(100457, 'Disponible', 'Artes', 'Engelmann', 'Fumiyo'),
(100458, 'Disponible', 'Ed. Física', 'Trogemann', 'Uri'),
(100459, 'Disponible', 'Matemáticas', 'VanScheik', 'Tesuro'),
(100460, 'No Disponible', 'Sociales', 'Karcich', 'Marlo'),
(100461, 'No Disponible', 'Sociales', 'Schlenzig', 'Vitali'),
(100462, 'Disponible', 'Ed. Física', 'Zaiane', 'Hongzhu'),
(100463, 'No Disponible', 'Matemáticas', 'Maginnis', 'Zijian'),
(100464, 'Disponible', 'Sociales', 'Shackel', 'Danai'),
(100465, 'No Disponible', 'Ed. Física', 'Himler', 'Otmar'),
(100466, 'No Disponible', 'Química', 'Suomi', 'Nahla'),
(100467, 'No Disponible', 'Inglés', 'Shobatake', 'Remko'),
(100468, 'Disponible', 'Artes', 'Ananiadou', 'Sanjay'),
(100469, 'No Disponible', 'Español', 'Iwayama', 'Juichirou'),
(100470, 'Disponible', 'Español', 'Yamaashi', 'Junsik'),
(100471, 'Disponible', 'Inglés', 'Lodder', 'Dinah'),
(100472, 'No Disponible', 'Emprendimiento', 'Oskamp', 'Jouko'),
(100473, 'Disponible', 'Química', 'Garnham', 'Ottavia'),
(100474, 'No Disponible', 'Inglés', 'Rodite', 'Arto'),
(100475, 'Disponible', 'Artes', 'Iisaka', 'Teunis'),
(100476, 'No Disponible', 'Química', 'Trogemann', 'Xumin'),
(100477, 'Disponible', 'Ed. Física', 'Ushiama', 'Qingxiang'),
(100478, 'Disponible', 'Español', 'Coney', 'Zhonghua'),
(100479, 'No Disponible', 'Sociales', 'Baba', 'Makato'),
(100480, 'Disponible', 'Ed. Física', 'Pintelas', 'Maren'),
(100481, 'Disponible', 'Artes', 'Pleszkun', 'Yurij'),
(100482, 'No Disponible', 'Emprendimiento', 'Anick', 'Shunichi'),
(100483, 'Disponible', 'Ed. Física', 'Varley', 'Parviz'),
(100484, 'No Disponible', 'Religión', 'Sundgren', 'Bluma'),
(100485, 'Disponible', 'Ed. Física', 'Kossowski', 'Hyuckchul'),
(100486, 'Disponible', 'Artes', 'Middleton', 'Abdelaziz'),
(100487, 'Disponible', 'Inglés', 'Heering', 'Ymte'),
(100488, 'Disponible', 'Matemáticas', 'Homond', 'Valeri'),
(100489, 'Disponible', 'Inglés', 'Vuskovic', 'Alejandra'),
(100490, 'Disponible', 'Español', 'Narahari', 'Chriss'),
(100491, 'Disponible', 'Ed. Física', 'Kumaresan', 'Neven'),
(100492, 'Disponible', 'Emprendimiento', 'Haraldson', 'Kish'),
(100493, 'Disponible', 'Ética', 'Servieres', 'Florina'),
(100494, 'No Disponible', 'Ed. Física', 'Zhiwei', 'Bedir'),
(100495, 'Disponible', 'Artes', 'Baig', 'Guiseppe'),
(100496, 'Disponible', 'Inglés', 'Rabehasaina', 'Aimee'),
(100497, 'Disponible', 'Religión', 'Cappelletti', 'Zongyan'),
(100498, 'Disponible', 'Sociales', 'Luft', 'Avishai'),
(100499, 'No Disponible', 'Matemáticas', 'Narwekar', 'Leon'),
(100500, 'No Disponible', 'Sociales', 'Larfeldt', 'Xiaopeng'),
(100501, 'No Disponible', 'Química', 'Marshall', 'Satoru'),
(100502, 'Disponible', 'Sociales', 'Pell', 'Matt'),
(100503, 'Disponible', 'Tecnología', 'Varker', 'Denny'),
(100504, 'No Disponible', 'Matemáticas', 'Auria', 'Larisa'),
(100505, 'Disponible', 'Tecnología', 'Kroll', 'Berhard'),
(100506, 'Disponible', 'Español', 'Belinskaya', 'Rildo'),
(100507, 'Disponible', 'Emprendimiento', 'Liedekerke', 'Zorica'),
(100508, 'Disponible', 'Artes', 'Riesenhuber', 'Unal'),
(100509, 'Disponible', 'Emprendimiento', 'Slobodova', 'Bluma'),
(100510, 'No Disponible', 'Emprendimiento', 'Marrevee', 'Barton'),
(100511, 'No Disponible', 'Artes', 'Gihr', 'Hatim'),
(100512, 'No Disponible', 'Español', 'Schicker', 'Angel'),
(100513, 'Disponible', 'Matemáticas', 'McClure', 'Hyuncheol'),
(100514, 'Disponible', 'Religión', 'Kirkerud', 'Bader'),
(100515, 'No Disponible', 'Tecnología', 'Luga', 'Giri'),
(100516, 'Disponible', 'Ed. Física', 'Speek', 'Yolla'),
(100517, 'No Disponible', 'Ed. Física', 'Lanphier', 'Hironobu'),
(100518, 'Disponible', 'Religión', 'Alencar', 'Gonzalo'),
(100519, 'Disponible', 'Ética', 'Ecklund', 'Moty'),
(100520, 'No Disponible', 'Inglés', 'Setia', 'Aral'),
(100521, 'No Disponible', 'Inglés', 'Cesareni', 'Jiafu'),
(100522, 'Disponible', 'Tecnología', 'Skafidas', 'Sorina'),
(100523, 'No Disponible', 'Química', 'Cincotta', 'Arvind'),
(100524, 'Disponible', 'Religión', 'Lunt', 'Uma'),
(100525, 'No Disponible', 'Artes', 'Theuretzbacher', 'Jagoda'),
(100526, 'Disponible', 'Sociales', 'Barvinok', 'Aran'),
(100527, 'Disponible', 'Ed. Física', 'Lakshmanan', 'Goa'),
(100528, 'No Disponible', 'Inglés', 'Yetto', 'Aiman'),
(100529, 'No Disponible', 'Español', 'Coors', 'Serap'),
(100530, 'Disponible', 'Ed. Física', 'Gimbel', 'Adib'),
(100531, 'Disponible', 'Ética', 'Wossner', 'Guenter'),
(100532, 'Disponible', 'Matemáticas', 'Smailagic', 'Odinaldo'),
(100533, 'Disponible', 'Emprendimiento', 'Bahl', 'Bernd'),
(100534, 'No Disponible', 'Ed. Física', 'Stroustrup', 'Dung'),
(100535, 'No Disponible', 'Inglés', 'Sambasivam', 'Eckart'),
(100536, 'Disponible', 'Sociales', 'Benzmuller', 'Aluzio'),
(100537, 'Disponible', 'Emprendimiento', 'Falby', 'Garnet'),
(100538, 'No Disponible', 'Ed. Física', 'Reinhard', 'Zita'),
(100539, 'Disponible', 'Ed. Física', 'Barriga', 'Saeed'),
(100540, 'Disponible', 'Sociales', 'Eiter', 'Ugo'),
(100541, 'No Disponible', 'Química', 'Couchot', 'Percy'),
(100542, 'Disponible', 'Emprendimiento', 'Lichtman', 'Mohit'),
(100543, 'No Disponible', 'Química', 'Krzyzanowski', 'Fumitaka'),
(100544, 'No Disponible', 'Inglés', 'dAstous', 'Morris'),
(100545, 'Disponible', 'Artes', 'Schapiro', 'Sangeeta'),
(100546, 'No Disponible', 'Inglés', 'Brobst', 'Sachar'),
(100547, 'No Disponible', 'Tecnología', 'Gunderson', 'Morrie'),
(100548, 'No Disponible', 'Español', 'Kisuki', 'Gurbir'),
(100549, 'No Disponible', 'Sociales', 'Leuchs', 'Vincent'),
(100550, 'No Disponible', 'Tecnología', 'Rijsenbrij', 'Rosita'),
(100551, 'No Disponible', 'Español', 'Shiratori', 'Gor'),
(100552, 'Disponible', 'Sociales', 'Wallrath', 'Suzette'),
(100553, 'Disponible', 'Matemáticas', 'Gerlach', 'Sven'),
(100554, 'No Disponible', 'Sociales', 'Picci', 'Shim'),
(100555, 'Disponible', 'Emprendimiento', 'Taubman', 'Kiyomitsu'),
(100556, 'Disponible', 'Español', 'Karlin', 'Yaghout'),
(100557, 'No Disponible', 'Sociales', 'Famili', 'Poorav'),
(100558, 'No Disponible', 'Artes', 'Comellas', 'Kolar'),
(100559, 'Disponible', 'Inglés', 'Esteva', 'Falguni'),
(100560, 'Disponible', 'Emprendimiento', 'Joslin', 'Yuchang'),
(100561, 'Disponible', 'Ética', 'Pearson', 'King'),
(100562, 'No Disponible', 'Química', 'Spelt', 'Roddy'),
(100563, 'No Disponible', 'Inglés', 'Thisen', 'Jordanka'),
(100564, 'No Disponible', 'Ed. Física', 'Harnett', 'Byong'),
(100565, 'Disponible', 'Español', 'Zuberek', 'Pradeep'),
(100566, 'Disponible', 'Matemáticas', 'Journel', 'Chenyi'),
(100567, 'No Disponible', 'Artes', 'Poulakidas', 'Odysseas'),
(100568, 'Disponible', 'Ed. Física', 'Bashian', 'Paddy'),
(100569, 'No Disponible', 'Tecnología', 'Morrin', 'Florina'),
(100570, 'Disponible', 'Ética', 'Varman', 'Fumiyo'),
(100571, 'No Disponible', 'Religión', 'Axelband', 'JiYoung'),
(100572, 'No Disponible', 'Ed. Física', 'Speel', 'Phillip'),
(100573, 'Disponible', 'Ética', 'Olano', 'Sumali'),
(100574, 'No Disponible', 'Sociales', 'Yeung', 'Lech'),
(100575, 'Disponible', 'Química', 'Krychniak', 'Giap'),
(100576, 'Disponible', 'Religión', 'Schmiedel', 'Yunming'),
(100577, 'Disponible', 'Ed. Física', 'Shanbhogue', 'Goetz'),
(100578, 'No Disponible', 'Emprendimiento', 'Stentiford', 'Nathalie'),
(100579, 'Disponible', 'Matemáticas', 'Rehfuss', 'Monique'),
(100580, 'Disponible', 'Ed. Física', 'Prochazka', 'Ishfaq'),
(100581, 'Disponible', 'Español', 'Juneja', 'Vishv'),
(100582, 'No Disponible', 'Religión', 'Stille', 'Bedir'),
(100583, 'No Disponible', 'Tecnología', 'Papastamatiou', 'Guiseppe'),
(100584, 'Disponible', 'Español', 'Willoner', 'Munehiro'),
(100585, 'No Disponible', 'Ed. Física', 'Vuskovic', 'Avishai'),
(100586, 'Disponible', 'Matemáticas', 'Srimani', 'Jacqueline'),
(100587, 'No Disponible', 'Ed. Física', 'Dulay', 'Xiaoheng'),
(100588, 'No Disponible', 'Español', 'Sanella', 'Mahmut'),
(100589, 'Disponible', 'Ed. Física', 'Kalloufi', 'Mizuhito'),
(100590, 'Disponible', 'Química', 'Hettesheimer', 'Selwyn'),
(100591, 'Disponible', 'Religión', 'Alvarado', 'Mori'),
(100592, 'No Disponible', 'Ed. Física', 'Kenevan', 'Goncalo'),
(100593, 'Disponible', 'Español', 'Whitcomb', 'Patricio'),
(100594, 'No Disponible', 'Artes', 'Undy', 'Kish'),
(100595, 'Disponible', 'Emprendimiento', 'Coors', 'Moty'),
(100596, 'Disponible', 'Sociales', 'Schaad', 'Weijing'),
(100597, 'Disponible', 'Español', 'Gronowski', 'Keiichiro'),
(100598, 'Disponible', 'Español', 'Crelier', 'Patricia'),
(100599, 'No Disponible', 'Español', 'Rettelbach', 'Shiv'),
(100600, 'Disponible', 'Religión', 'Usdin', 'Frazer'),
(100601, 'No Disponible', 'Sociales', 'Wossner', 'Aruna'),
(100602, 'No Disponible', 'Religión', 'Restivo', 'Yurij'),
(100603, 'No Disponible', 'Ética', 'Brizzi', 'Tadahiko'),
(100604, 'No Disponible', 'Español', 'Wixon', 'Chinya'),
(100605, 'Disponible', 'Inglés', 'Marakhovsky', 'Oksana'),
(100606, 'No Disponible', 'Inglés', 'Hambrick', 'Teunis'),
(100607, 'No Disponible', 'Inglés', 'Talmor', 'Supot'),
(100608, 'Disponible', 'Inglés', 'Zhang', 'Khoa'),
(100609, 'No Disponible', 'Emprendimiento', 'Roccetti', 'Goetz'),
(100610, 'Disponible', 'Ética', 'Blokdijk', 'Elliott'),
(100611, 'Disponible', 'Español', 'Peroz', 'Gad'),
(100612, 'No Disponible', 'Sociales', 'Jansen', 'Diego'),
(100613, 'Disponible', 'Español', 'Ozeri', 'Bezalel'),
(100614, 'No Disponible', 'Ed. Física', 'Delgrande', 'Parto'),
(100615, 'No Disponible', 'Inglés', 'Marwedel', 'Chirstian'),
(100616, 'Disponible', 'Matemáticas', 'Angel', 'Kyoichi'),
(100617, 'Disponible', 'Ed. Física', 'Yeung', 'Anneke'),
(100618, 'No Disponible', 'Ed. Física', 'Kusakabe', 'Tzvetan'),
(100619, 'Disponible', 'Inglés', 'Veeraraghavan', 'Saniya'),
(100620, 'No Disponible', 'Inglés', 'Siepmann', 'Sumant'),
(100621, 'No Disponible', 'Religión', 'Narlikar', 'Duangkaew'),
(100622, 'No Disponible', 'Ética', 'Danlos', 'Mary'),
(100623, 'Disponible', 'Matemáticas', 'Gyorkos', 'Patricio'),
(100624, 'No Disponible', 'Química', 'Petereit', 'Eberhardt'),
(100625, 'No Disponible', 'Química', 'Deverell', 'Berni'),
(100626, 'No Disponible', 'Matemáticas', 'Itzfeldt', 'Guoxiang'),
(100627, 'No Disponible', 'Inglés', 'Krogh', 'Kazuhito'),
(100628, 'No Disponible', 'Artes', 'Francisci', 'Cristinel'),
(100629, 'No Disponible', 'Inglés', 'Katzenelson', 'Kazuhide'),
(100630, 'Disponible', 'Religión', 'Chaudhuri', 'Lillian'),
(100631, 'Disponible', 'Sociales', 'Velardi', 'Mayuko'),
(100632, 'Disponible', 'Español', 'Herber', 'Ramzi'),
(100633, 'Disponible', 'Religión', 'Chepyzhov', 'Shahaf'),
(100634, 'Disponible', 'Artes', 'Angiulli', 'Bojan'),
(100635, 'No Disponible', 'Sociales', 'Porotnikoff', 'Suzette'),
(100636, 'Disponible', 'Matemáticas', 'Frolund', 'Prasadram'),
(100637, 'Disponible', 'Emprendimiento', 'Borovoy', 'Yongqiao'),
(100638, 'No Disponible', 'Emprendimiento', 'Erol', 'Divier'),
(100639, 'No Disponible', 'Matemáticas', 'Meszaros', 'Domenick'),
(100640, 'Disponible', 'Ed. Física', 'Zucker', 'Otmar'),
(100641, 'Disponible', 'Tecnología', 'Narlikar', 'Elvis'),
(100642, 'No Disponible', 'Emprendimiento', 'Keirsey', 'Karsten'),
(100643, 'No Disponible', 'Religión', 'Benaini', 'Jeong'),
(100644, 'Disponible', 'Tecnología', 'Esposito', 'Arif'),
(100645, 'No Disponible', 'Ética', 'Chorvat', 'Bader'),
(100646, 'Disponible', 'Matemáticas', 'Bahk', 'Alain'),
(100647, 'Disponible', 'Matemáticas', 'Ratnaker', 'Adamantios'),
(100648, 'Disponible', 'Ética', 'Welham', 'Pradeep'),
(100649, 'No Disponible', 'Inglés', 'Chepyzhov', 'Huan'),
(100650, 'Disponible', 'Religión', 'Maginnis', 'Alejandro'),
(100651, 'Disponible', 'Química', 'Chachaty', 'Weiyi'),
(100652, 'Disponible', 'Español', 'Feinberg', 'Uri'),
(100653, 'No Disponible', 'Ed. Física', 'Castellani', 'Magy'),
(100654, 'No Disponible', 'Ética', 'Dalton', 'Yishay'),
(100655, 'Disponible', 'Religión', 'Litzkow', 'Mingsen'),
(100656, 'No Disponible', 'Artes', 'Kitsuregawa', 'Moss'),
(100657, 'No Disponible', 'Tecnología', 'Rijckaert', 'Lucien'),
(100658, 'No Disponible', 'Tecnología', 'Shackel', 'Zvonko'),
(100659, 'Disponible', 'Inglés', 'Kolinko', 'Florian'),
(100660, 'No Disponible', 'Matemáticas', 'Giarratana', 'Basil'),
(100661, 'Disponible', 'Religión', 'Serra', 'Yinghua'),
(100662, 'Disponible', 'Ética', 'Noriega', 'Hidefumi'),
(100663, 'Disponible', 'Emprendimiento', 'Peck', 'Heping'),
(100664, 'No Disponible', 'Química', 'Snyers', 'Sanjiv'),
(100665, 'Disponible', 'Matemáticas', 'Reeker', 'Mayumi'),
(100666, 'Disponible', 'Tecnología', 'Cusworth', 'Georgy'),
(100667, 'No Disponible', 'Español', 'Granlund', 'Brendon'),
(100668, 'No Disponible', 'Religión', 'Iisaka', 'Ebbe'),
(100669, 'Disponible', 'Ed. Física', 'McAffer', 'Berhard'),
(100670, 'Disponible', 'Química', 'Rebaine', 'Alejandro'),
(100671, 'No Disponible', 'Matemáticas', 'Zeilberger', 'Breannda'),
(100672, 'No Disponible', 'Química', 'Casperson', 'Tse'),
(100673, 'No Disponible', 'Ética', 'Bisiani', 'Anoosh'),
(100674, 'No Disponible', 'Español', 'Waschkowski', 'Gino'),
(100675, 'Disponible', 'Sociales', 'Danley', 'Udi'),
(100676, 'No Disponible', 'Matemáticas', 'Perng', 'Satosi'),
(100677, 'No Disponible', 'Emprendimiento', 'Gide', 'Kwee'),
(100678, 'Disponible', 'Química', 'Brender', 'Claudi'),
(100679, 'No Disponible', 'Emprendimiento', 'Honglei', 'Charlene'),
(100680, 'No Disponible', 'Sociales', 'Garnier', 'Margareta'),
(100681, 'No Disponible', 'Ética', 'Haumacher', 'Reuven'),
(100682, 'Disponible', 'Química', 'Stranks', 'Hisao'),
(100683, 'Disponible', 'Español', 'Tokunaga', 'Hironoby'),
(100684, 'No Disponible', 'Química', 'Cusworth', 'Shir'),
(100685, 'Disponible', 'Tecnología', 'Azadmanesh', 'Mokhtar'),
(100686, 'No Disponible', 'Química', 'Kaiser', 'Gao'),
(100687, 'Disponible', 'Religión', 'Lanphier', 'Erez'),
(100688, 'Disponible', 'Emprendimiento', 'Otillio', 'Mona'),
(100689, 'Disponible', 'Tecnología', 'Jumpertz', 'Danel'),
(100690, 'Disponible', 'Religión', 'Setia', 'Kshitij'),
(100691, 'Disponible', 'Sociales', 'Bage', 'Premal'),
(100692, 'Disponible', 'Inglés', 'Daescu', 'Zhongwei'),
(100693, 'Disponible', 'Química', 'Straney', 'Parviz'),
(100694, 'Disponible', 'Inglés', 'Acton', 'Vishv'),
(100695, 'No Disponible', 'Religión', 'Fendler', 'Tuval'),
(100696, 'Disponible', 'Sociales', 'Hiltgen', 'Kenroku'),
(100697, 'No Disponible', 'Ética', 'Engberts', 'Somnath'),
(100698, 'No Disponible', 'Sociales', 'Deverell', 'Xinglin'),
(100699, 'Disponible', 'Artes', 'Mondadori', 'Jungsoon'),
(100700, 'No Disponible', 'Química', 'Zolotykh', 'Sudharsan'),
(100701, 'No Disponible', 'Ed. Física', 'Szemeredi', 'Kendra'),
(100702, 'No Disponible', 'Español', 'Baumann', 'Amabile'),
(100703, 'Disponible', 'Ed. Física', 'Kropatsch', 'Valdiodio'),
(100704, 'Disponible', 'Química', 'Wynblatt', 'Sailaja'),
(100705, 'Disponible', 'Emprendimiento', 'Eldridge', 'Arumugam'),
(100706, 'No Disponible', 'Matemáticas', 'Trystram', 'Hilari'),
(100707, 'Disponible', 'Ed. Física', 'Erman', 'Jayson'),
(100708, 'Disponible', 'Matemáticas', 'Mateescu', 'Remzi'),
(100709, 'No Disponible', 'Emprendimiento', 'Kermarrec', 'Sreekrishna'),
(100710, 'No Disponible', 'Sociales', 'DuBourdieux', 'Valter'),
(100711, 'Disponible', 'Sociales', 'Koprowski', 'Hironobu'),
(100712, 'No Disponible', 'Química', 'Naumovich', 'Perla'),
(100713, 'No Disponible', 'Inglés', 'Sadowsky', 'Paraskevi'),
(100714, 'No Disponible', 'Ed. Física', 'Poehlman', 'Akemi'),
(100715, 'Disponible', 'Emprendimiento', 'Constantine', 'Xinyu'),
(100716, 'Disponible', 'Emprendimiento', 'Tasistro', 'Hironoby'),
(100717, 'No Disponible', 'Ética', 'Rullman', 'Eben'),
(100718, 'Disponible', 'Sociales', 'Karunanithi', 'Dung'),
(100719, 'No Disponible', 'Matemáticas', 'Kruskal', 'Lunjin'),
(100720, 'No Disponible', 'Tecnología', 'Redmiles', 'Mariusz'),
(100721, 'No Disponible', 'Química', 'Gornas', 'Xuejia'),
(100722, 'Disponible', 'Emprendimiento', 'Harnett', 'Hugo'),
(100723, 'No Disponible', 'Sociales', 'Narlikar', 'Yuichiro'),
(100724, 'Disponible', 'Tecnología', 'Isard', 'Jaewon'),
(100725, 'No Disponible', 'Química', 'Minakawa', 'Munir'),
(100726, 'Disponible', 'Ed. Física', 'Kitai', 'Chikara'),
(100727, 'Disponible', 'Química', 'Maliniak', 'Dayanand'),
(100728, 'Disponible', 'Religión', 'Lorho', 'Kiyotoshi'),
(100729, 'No Disponible', 'Emprendimiento', 'Janetzko', 'Zhonghui'),
(100730, 'No Disponible', 'Química', 'Peak', 'Domenick'),
(100731, 'Disponible', 'Matemáticas', 'Andreotta', 'Armond'),
(100732, 'Disponible', 'Emprendimiento', 'Rodham', 'Guoxiang'),
(100733, 'No Disponible', 'Inglés', 'Erdi', 'Ohad'),
(100734, 'Disponible', 'Español', 'Gewali', 'Hinrich'),
(100735, 'Disponible', 'Matemáticas', 'Hellwagner', 'Geraldo'),
(100736, 'No Disponible', 'Emprendimiento', 'Schwartzbauer', 'Syozo'),
(100737, 'No Disponible', 'Ed. Física', 'Oppitz', 'Kayoko'),
(100738, 'Disponible', 'Ed. Física', 'Iacovou', 'Subir'),
(100739, 'No Disponible', 'Tecnología', 'Sadowski', 'Babette'),
(100740, 'Disponible', 'Inglés', 'Huttel', 'Armond'),
(100741, 'No Disponible', 'Sociales', 'Wiegley', 'Nishit'),
(100742, 'Disponible', 'Ética', 'Peltason', 'Magdalena'),
(100743, 'No Disponible', 'Inglés', 'Syang', 'Ayakannu'),
(100744, 'Disponible', 'Matemáticas', 'Ranze', 'Giri'),
(100745, 'No Disponible', 'Artes', 'Usery', 'Diederik'),
(100746, 'No Disponible', 'Religión', 'Khalid', 'Nathan'),
(100747, 'No Disponible', 'Religión', 'Francisci', 'Zissis'),
(100748, 'No Disponible', 'Sociales', 'Brendel', 'Maren'),
(100749, 'Disponible', 'Emprendimiento', 'Demeyer', 'Perry'),
(100750, 'Disponible', 'Inglés', 'Ushiama', 'Ewing'),
(100751, 'No Disponible', 'Ética', 'Conde', 'Yucel'),
(100752, 'No Disponible', 'Artes', 'Harbusch', 'Shahaf'),
(100753, 'Disponible', 'Química', 'Feinberg', 'Tzvetan'),
(100754, 'Disponible', 'Inglés', 'Ressouche', 'Sakthirel'),
(100755, 'No Disponible', 'Sociales', 'Brizzi', 'Marla'),
(100756, 'No Disponible', 'Sociales', 'Simkin', 'Akemi'),
(100757, 'No Disponible', 'Español', 'Boyle', 'Chenyi'),
(100758, 'Disponible', 'Sociales', 'Chenney', 'Kazuhito'),
(100759, 'Disponible', 'Español', 'Dratva', 'Douadi'),
(100760, 'No Disponible', 'Sociales', 'Liedekerke', 'Xiadong'),
(100761, 'No Disponible', 'Emprendimiento', 'Himler', 'Zhenbing'),
(100762, 'No Disponible', 'Ética', 'Bolsens', 'Itzchak'),
(100763, 'No Disponible', 'Emprendimiento', 'Beetstra', 'Jaques'),
(100764, 'No Disponible', 'Tecnología', 'Norsworthy', 'Heekeun'),
(100765, 'Disponible', 'Tecnología', 'Standera', 'Abdulah'),
(100766, 'Disponible', 'Sociales', 'Doering', 'Adas'),
(100767, 'No Disponible', 'Química', 'Candan', 'Sumali'),
(100768, 'No Disponible', 'Ética', 'Bouloucos', 'Nigel'),
(100769, 'Disponible', 'Sociales', 'Perry', 'Khedija'),
(100770, 'No Disponible', 'Ed. Física', 'Kleiser', 'Serif'),
(100771, 'No Disponible', 'Sociales', 'Dayana', 'Debatosh'),
(100772, 'Disponible', 'Ética', 'Bahr', 'Hairong'),
(100773, 'No Disponible', 'Tecnología', 'Masand', 'Florina'),
(100774, 'Disponible', 'Religión', 'Sluis', 'Karsten'),
(100775, 'Disponible', 'Ed. Física', 'Skafidas', 'Jagoda'),
(100776, 'No Disponible', 'Religión', 'Kemmerer', 'Miyeon'),
(100777, 'Disponible', 'Ed. Física', 'Merey', 'Samphel'),
(100778, 'Disponible', 'Religión', 'Yavatkar', 'Duangkaew'),
(100779, 'No Disponible', 'Ética', 'Staudhammer', 'Dharmaraja'),
(100780, 'Disponible', 'Emprendimiento', 'Leuchs', 'Sampalli'),
(100781, 'No Disponible', 'Ed. Física', 'Perna', 'Kasturi'),
(100782, 'No Disponible', 'Emprendimiento', 'Kenevan', 'Herbert'),
(100783, 'Disponible', 'Emprendimiento', 'Bottner', 'Shigeu'),
(100784, 'No Disponible', 'Sociales', 'Marzano', 'Shrikanth'),
(100785, 'Disponible', 'Artes', 'dAstous', 'Badri'),
(100786, 'No Disponible', 'Matemáticas', 'Neimat', 'Aleksandar'),
(100787, 'Disponible', 'Química', 'Ullian', 'Brendon'),
(100788, 'Disponible', 'Ed. Física', 'Journel', 'Pragnesh'),
(100789, 'No Disponible', 'Sociales', 'Schonegge', 'Valery'),
(100790, 'Disponible', 'Matemáticas', 'Sgarro', 'Deniz'),
(100791, 'No Disponible', 'Ética', 'Birdsall', 'Shaw'),
(100792, 'Disponible', 'Sociales', 'Roisin', 'Sibyl'),
(100793, 'No Disponible', 'Sociales', 'Berztiss', 'Moriyoshi'),
(100794, 'Disponible', 'Ética', 'Naudin', 'Mechthild'),
(100795, 'Disponible', 'Ed. Física', 'Rousseau', 'Mihalis'),
(100796, 'Disponible', 'Español', 'Hiyoshi', 'Duro'),
(100797, 'No Disponible', 'Tecnología', 'Bednarek', 'Shigehito'),
(100798, 'No Disponible', 'Sociales', 'Griswold', 'Tommaso'),
(100799, 'Disponible', 'Matemáticas', 'Wroclawski', 'Christ'),
(100800, 'No Disponible', 'Tecnología', 'Staylopatis', 'Khalid'),
(100801, 'Disponible', 'Emprendimiento', 'Iisaku', 'Arve'),
(100802, 'No Disponible', 'Ed. Física', 'Bharadwaj', 'Zdislav'),
(100803, 'No Disponible', 'Emprendimiento', 'Laventhal', 'Mohua'),
(100804, 'Disponible', 'Matemáticas', 'Burnard', 'Masaru'),
(100805, 'Disponible', 'Química', 'Danley', 'Josyula'),
(100806, 'No Disponible', 'Matemáticas', 'Picel', 'Annemarie'),
(100807, 'Disponible', 'Español', 'Schnabel', 'Marc'),
(100808, 'Disponible', 'Artes', 'Katalagarianos', 'Kasidit'),
(100809, 'No Disponible', 'Español', 'Vigier', 'Pranav'),
(100810, 'No Disponible', 'Ética', 'Braunschweig', 'Kazuhisa'),
(100811, 'No Disponible', 'Artes', 'Choobineh', 'Vidya'),
(100812, 'No Disponible', 'Tecnología', 'Kugler', 'Idoia'),
(100813, 'Disponible', 'Español', 'Swist', 'Greger'),
(100814, 'No Disponible', 'Religión', 'Bolsens', 'Steen'),
(100815, 'No Disponible', 'Inglés', 'Braunschweig', 'Nevio'),
(100816, 'Disponible', 'Artes', 'Pardalos', 'Mabhin'),
(100817, 'Disponible', 'Química', 'Adachi', 'Alassane'),
(100818, 'No Disponible', 'Artes', 'Kolinko', 'Girolamo'),
(100819, 'Disponible', 'Ed. Física', 'Noriega', 'Xiping'),
(100820, 'No Disponible', 'Química', 'Tiemann', 'Yolla'),
(100821, 'No Disponible', 'Química', 'Vadhan', 'Yuping'),
(100822, 'Disponible', 'Ética', 'Asser', 'Vishu'),
(100823, 'Disponible', 'Ética', 'Raczkowsky', 'Divier'),
(100824, 'No Disponible', 'Ética', 'Papsdorf', 'Jackson'),
(100825, 'No Disponible', 'Ética', 'Birnbaum', 'Tadahiko'),
(100826, 'Disponible', 'Matemáticas', 'Valette', 'Xiaobin'),
(100827, 'Disponible', 'Matemáticas', 'Murrill', 'Amstein'),
(100828, 'Disponible', 'Artes', 'Bellone', 'Yongmin'),
(100829, 'Disponible', 'Tecnología', 'Raney', 'Zhenhua'),
(100830, 'No Disponible', 'Ed. Física', 'Munawer', 'Genta'),
(100831, 'No Disponible', 'Emprendimiento', 'Dulin', 'Kish'),
(100832, 'Disponible', 'Religión', 'Decleir', 'Yucai'),
(100833, 'Disponible', 'Tecnología', 'Parascandalo', 'Tze'),
(100834, 'No Disponible', 'Tecnología', 'Billawala', 'Carrsten'),
(100835, 'No Disponible', 'Matemáticas', 'Furedi', 'Leon'),
(100836, 'No Disponible', 'Emprendimiento', 'Schiper', 'Kellie'),
(100837, 'Disponible', 'Sociales', 'Baezner', 'Xinglin'),
(100838, 'Disponible', 'Sociales', 'Deyuan', 'Anneli'),
(100839, 'Disponible', 'Emprendimiento', 'Candan', 'Karoline'),
(100840, 'No Disponible', 'Emprendimiento', 'Foote', 'Ulises'),
(100841, 'Disponible', 'Matemáticas', 'Aingworth', 'Clyde'),
(100842, 'No Disponible', 'Ed. Física', 'Juneja', 'Shaowen'),
(100843, 'Disponible', 'Ética', 'Erde', 'Marko'),
(100844, 'No Disponible', 'Química', 'Aingworth', 'Lein'),
(100845, 'Disponible', 'Ética', 'Hertweck', 'Arunachalam'),
(100846, 'Disponible', 'Inglés', 'Rahimi', 'Susanta'),
(100847, 'Disponible', 'Ed. Física', 'Parascandalo', 'Susumu'),
(100848, 'No Disponible', 'Ética', 'Kandlur', 'Yannis'),
(100849, 'Disponible', 'Sociales', 'Benveniste', 'Mototsugu'),
(100850, 'Disponible', 'Tecnología', 'Bonifati', 'Nikolaos'),
(100851, 'No Disponible', 'Español', 'Rousseau', 'Remko'),
(100852, 'No Disponible', 'Emprendimiento', 'Prenel', 'Ortrud'),
(100853, 'Disponible', 'Artes', 'Narahara', 'Lunjin'),
(100854, 'No Disponible', 'Sociales', 'Perly', 'Wonhee'),
(100855, 'Disponible', 'Sociales', 'Nyanchama', 'Foong'),
(100856, 'Disponible', 'Religión', 'Colorni', 'Ramalingam'),
(100857, 'No Disponible', 'Artes', 'Aloia', 'Basem'),
(100858, 'Disponible', 'Emprendimiento', 'Carrere', 'Heon'),
(100859, 'Disponible', 'Matemáticas', 'Luks', 'Frederique'),
(100860, 'No Disponible', 'Español', 'Koblick', 'Marie'),
(100861, 'No Disponible', 'Matemáticas', 'Atchley', 'Serap'),
(100862, 'Disponible', 'Química', 'Jervis', 'Alair'),
(100863, 'No Disponible', 'Matemáticas', 'Casley', 'Shirish'),
(100864, 'Disponible', 'Religión', 'Fasbender', 'Zsolt'),
(100865, 'No Disponible', 'Inglés', 'Thummel', 'Shen'),
(100866, 'No Disponible', 'Religión', 'Prochazka', 'Roddy'),
(100867, 'Disponible', 'Religión', 'Skafidas', 'Irene'),
(100868, 'No Disponible', 'Matemáticas', 'Spataro', 'Aiman'),
(100869, 'No Disponible', 'Química', 'Slaats', 'Basil');
INSERT INTO `profesores` (`idProfesor`, `disponibilidad`, `asignaturaDocente`, `apellido`, `nombre`) VALUES
(100870, 'Disponible', 'Ed. Física', 'Reghbati', 'Susanna'),
(100871, 'No Disponible', 'Inglés', 'Lindenbaum', 'Alper'),
(100872, 'No Disponible', 'Ed. Física', 'Narahara', 'Mang'),
(100873, 'Disponible', 'Química', 'Bahi', 'Mahendra'),
(100874, 'Disponible', 'Química', 'Wossner', 'Takahiro'),
(100875, 'Disponible', 'Sociales', 'Maquelin', 'Nalini'),
(100876, 'Disponible', 'Química', 'Atchley', 'Ramalingam'),
(100877, 'No Disponible', 'Español', 'Waterhouse', 'Sukumar'),
(100878, 'Disponible', 'Emprendimiento', 'Eppinger', 'Shaunak'),
(100879, 'Disponible', 'Emprendimiento', 'Scallan', 'Nishit'),
(100880, 'Disponible', 'Ética', 'Schmezko', 'Taizo'),
(100881, 'No Disponible', 'Inglés', 'Arlazarov', 'Bedir'),
(100882, 'Disponible', 'Religión', 'Minakawa', 'Sham'),
(100883, 'Disponible', 'Religión', 'Beutelspacher', 'Yishai'),
(100884, 'Disponible', 'Química', 'Picci', 'Baocai'),
(100885, 'No Disponible', 'Sociales', 'Seghrouchni', 'Dmitri'),
(100886, 'Disponible', 'Ed. Física', 'Strooper', 'Marek'),
(100887, 'Disponible', 'Español', 'Famili', 'Xuejun'),
(100888, 'No Disponible', 'Sociales', 'Schicker', 'Isaac'),
(100889, 'Disponible', 'Emprendimiento', 'Nanard', 'Lubomir'),
(100890, 'No Disponible', 'Ética', 'Iisaku', 'Barton'),
(100891, 'Disponible', 'Tecnología', 'Akazan', 'Stabislas'),
(100892, 'Disponible', 'Ética', 'Fioravanti', 'Moty'),
(100893, 'Disponible', 'Emprendimiento', 'Norsworthy', 'Hercules'),
(100894, 'No Disponible', 'Ética', 'Larfeldt', 'Kauko'),
(100895, 'Disponible', 'Español', 'Skafidas', 'Masali'),
(100896, 'Disponible', 'Tecnología', 'Zyda', 'Zhonghui'),
(100897, 'Disponible', 'Ética', 'Kushnir', 'Saddek'),
(100898, 'No Disponible', 'Inglés', 'Kabayashi', 'Marie'),
(100899, 'Disponible', 'Religión', 'Usery', 'Selwyn'),
(100900, 'No Disponible', 'Ed. Física', 'Brodie', 'Shay'),
(100901, 'Disponible', 'Inglés', 'Rajcani', 'Yongmao'),
(100902, 'Disponible', 'Matemáticas', 'Kermarrec', 'Dipayan'),
(100903, 'No Disponible', 'Artes', 'Leivant', 'Yucel'),
(100904, 'No Disponible', 'Química', 'Karlin', 'Mihalis'),
(100905, 'Disponible', 'Español', 'Ramras', 'Rutger'),
(100906, 'No Disponible', 'Artes', 'Katiyar', 'Kristine'),
(100907, 'No Disponible', 'Español', 'Koshino', 'Petter'),
(100908, 'No Disponible', 'Inglés', 'Lieberherr', 'Narain'),
(100909, 'Disponible', 'Religión', 'Sanella', 'Dietrich'),
(100910, 'No Disponible', 'Ética', 'Smeets', 'Ipke'),
(100911, 'No Disponible', 'Ética', 'Koprowski', 'Tadahiko'),
(100912, 'No Disponible', 'Ética', 'Tasistro', 'Lucien'),
(100913, 'Disponible', 'Español', 'Serre', 'Faiza'),
(100914, 'No Disponible', 'Sociales', 'Danley', 'Marlo'),
(100915, 'No Disponible', 'Religión', 'Bratsberg', 'Bernt'),
(100916, 'Disponible', 'Emprendimiento', 'Mayerwieser', 'Hirochika'),
(100917, 'Disponible', 'Emprendimiento', 'Schapire', 'Heng'),
(100918, 'Disponible', 'Artes', 'Copas', 'Nikolaos'),
(100919, 'Disponible', 'Química', 'Munck', 'Dzung'),
(100920, 'No Disponible', 'Ética', 'Kalloufi', 'Prodip'),
(100921, 'Disponible', 'Religión', 'Nannarelli', 'Aksel'),
(100922, 'Disponible', 'Religión', 'Reinhart', 'Hsiangchu'),
(100923, 'No Disponible', 'Artes', 'Peck', 'Rasiah'),
(100924, 'Disponible', 'Inglés', 'Stenning', 'Subbu'),
(100925, 'No Disponible', 'Matemáticas', 'Gonthier', 'Christfried'),
(100926, 'Disponible', 'Tecnología', 'Bernini', 'Maris'),
(100927, 'No Disponible', 'Ed. Física', 'Werthner', 'Christoper'),
(100928, 'Disponible', 'Matemáticas', 'Baek', 'Arie'),
(100929, 'Disponible', 'Artes', 'Kadhim', 'Mototsugu'),
(100930, 'Disponible', 'Ed. Física', 'Bhattacharjee', 'Mechthild'),
(100931, 'No Disponible', 'Emprendimiento', 'Spieker', 'Uinam'),
(100932, 'No Disponible', 'Tecnología', 'Etalle', 'Guenter'),
(100933, 'Disponible', 'Matemáticas', 'Yeung', 'Isamu'),
(100934, 'Disponible', 'Matemáticas', 'Gyorkos', 'Kankanahalli'),
(100935, 'No Disponible', 'Química', 'Unno', 'Bernardo'),
(100936, 'No Disponible', 'Química', 'Jonsson', 'Arunachalam'),
(100937, 'Disponible', 'Matemáticas', 'Leppanen', 'Masali'),
(100938, 'No Disponible', 'Ética', 'Gilg', 'Roded'),
(100939, 'No Disponible', 'Química', 'Speel', 'Serenella'),
(100940, 'Disponible', 'Sociales', 'Wegerle', 'Remko'),
(100941, 'No Disponible', 'Español', 'Borstler', 'Kasturi'),
(100942, 'No Disponible', 'Química', 'Suri', 'Arto'),
(100943, 'No Disponible', 'Artes', 'Papastamatiou', 'Masanao'),
(100944, 'Disponible', 'Emprendimiento', 'Biron', 'Snehasis'),
(100945, 'Disponible', 'Ed. Física', 'Deville', 'Falguni'),
(100946, 'No Disponible', 'Sociales', 'Chleq', 'Toshimori'),
(100947, 'Disponible', 'Español', 'Nitsche', 'Goa'),
(100948, 'Disponible', 'Emprendimiento', 'Miake', 'Jeong'),
(100949, 'Disponible', 'Matemáticas', 'Heuser', 'Heon'),
(100950, 'No Disponible', 'Química', 'Champarnaud', 'Teunis'),
(100951, 'Disponible', 'Religión', 'Kleiser', 'Djelloul'),
(100952, 'No Disponible', 'Inglés', 'Cronau', 'Wilmer'),
(100953, 'No Disponible', 'Inglés', 'Begiun', 'Stella'),
(100954, 'No Disponible', 'Emprendimiento', 'DeMori', 'Dinah'),
(100955, 'Disponible', 'Química', 'Dredge', 'Uwe'),
(100956, 'No Disponible', 'Religión', 'Coors', 'Arra'),
(100957, 'Disponible', 'Matemáticas', 'Furudate', 'Aamod'),
(100958, 'Disponible', 'Sociales', 'Jiang', 'Pradeep'),
(100959, 'No Disponible', 'Tecnología', 'Vieth', 'Mahendra'),
(100960, 'Disponible', 'Química', 'Kropatsch', 'Oksana'),
(100961, 'No Disponible', 'Español', 'Srimani', 'Kristen'),
(100962, 'Disponible', 'Artes', 'Petersohn', 'Tadahiko'),
(100963, 'No Disponible', 'Ética', 'Taubenfeld', 'Erzsebet'),
(100964, 'No Disponible', 'Matemáticas', 'Kumaresan', 'Phule'),
(100965, 'No Disponible', 'Sociales', 'Markovitch', 'Moto'),
(100966, 'No Disponible', 'Emprendimiento', 'Pramanik', 'Satyanarayana'),
(100967, 'Disponible', 'Religión', 'Caine', 'Vasilis'),
(100968, 'No Disponible', 'Español', 'Rullman', 'Hausi'),
(100969, 'No Disponible', 'Ed. Física', 'Monarch', 'Qunsheng'),
(100970, 'No Disponible', 'Español', 'Sooriamurthi', 'Heekeun'),
(100971, 'Disponible', 'Ética', 'Pena', 'Irene'),
(100972, 'Disponible', 'Tecnología', 'Schurmann', 'Seshu'),
(100973, 'Disponible', 'Química', 'Passino', 'Shalesh'),
(100974, 'No Disponible', 'Matemáticas', 'Mikschl', 'Toshiki'),
(100975, 'Disponible', 'Español', 'Kalsbeek', 'Nakhoon'),
(100976, 'No Disponible', 'Sociales', 'Fairtlough', 'Marl'),
(100977, 'No Disponible', 'Química', 'Anandan', 'Takahira'),
(100978, 'No Disponible', 'Matemáticas', 'Danley', 'Mikhail'),
(100979, 'Disponible', 'Matemáticas', 'Gammage', 'Alejandro'),
(100980, 'Disponible', 'Religión', 'Narahara', 'Jiong'),
(100981, 'Disponible', 'Sociales', 'Fiebach', 'Shirish'),
(100982, 'Disponible', 'Matemáticas', 'Driscoll', 'Leucio'),
(100983, 'Disponible', 'Química', 'Bergere', 'Feiyu'),
(100984, 'Disponible', 'Artes', 'Gecseg', 'Khatoun'),
(100985, 'Disponible', 'Ética', 'Setlzner', 'Eishiro'),
(100986, 'No Disponible', 'Ética', 'Velasco', 'Parto'),
(100987, 'Disponible', 'Ed. Física', 'Benantar', 'Hironoby'),
(100988, 'Disponible', 'Química', 'Bernick', 'Make'),
(100989, 'Disponible', 'Ética', 'Matzel', 'Wanqing'),
(100990, 'No Disponible', 'Religión', 'Zallocco', 'Hongzue'),
(100991, 'Disponible', 'Emprendimiento', 'Leijenhorst', 'Jiann'),
(100992, 'Disponible', 'Emprendimiento', 'Feldhoffer', 'Yagil'),
(100993, 'No Disponible', 'Sociales', 'Lunn', 'Shawna'),
(100994, 'No Disponible', 'Artes', 'Fortenbacher', 'Takahiro'),
(100995, 'No Disponible', 'Artes', 'Menhoudj', 'Yakkov'),
(100996, 'Disponible', 'Artes', 'Shumilov', 'Anyuan'),
(100997, 'Disponible', 'Ética', 'Dymetman', 'Gretta'),
(100998, 'No Disponible', 'Sociales', 'Zschoche', 'Pramod');

-- --------------------------------------------------------

--
-- Estructura para la vista `citacionestudiante`
--
DROP TABLE IF EXISTS `citacionestudiante`;

CREATE ALGORITHM=UNDEFINED DEFINER=`root`@`localhost` SQL SECURITY DEFINER VIEW `citacionestudiante`  AS SELECT `e`.`apellidos` AS `apellidos`, `e`.`nombres` AS `nombres`, `e`.`idestudiantes` AS `idestudiantes`, `c`.`lugar` AS `lugar` FROM (`estudiantes` `e` join `citas` `c`) WHERE `e`.`idestudiantes` = `c`.`idEstudiante` AND `e`.`nombres` like 'c%' AND `c`.`lugar` = 'Rectoria''Rectoria'  ;

-- --------------------------------------------------------

--
-- Estructura para la vista `direccionestudiantes`
--
DROP TABLE IF EXISTS `direccionestudiantes`;

CREATE ALGORITHM=UNDEFINED DEFINER=`root`@`localhost` SQL SECURITY DEFINER VIEW `direccionestudiantes`  AS SELECT `e`.`idestudiantes` AS `idestudiantes`, `c`.`lugar` AS `lugar` FROM (`estudiantes` `e` join `citas` `c`) WHERE `c`.`idEstudiante` = `e`.`idestudiantes``idestudiantes`  ;

-- --------------------------------------------------------

--
-- Estructura para la vista `estudiante`
--
DROP TABLE IF EXISTS `estudiante`;

CREATE ALGORITHM=UNDEFINED DEFINER=`root`@`localhost` SQL SECURITY DEFINER VIEW `estudiante`  AS SELECT `e`.`idestudiantes` AS `idestudiantes`, `e`.`apellidos` AS `apellidos`, `e`.`nombres` AS `nombres`, `e`.`grado` AS `grado`, `e`.`seccion` AS `seccion` FROM `estudiantes` AS `e` WHERE `e`.`idestudiantes` like '1%''1%'  ;

-- --------------------------------------------------------

--
-- Estructura para la vista `estudiantesdeonce`
--
DROP TABLE IF EXISTS `estudiantesdeonce`;

CREATE ALGORITHM=UNDEFINED DEFINER=`root`@`localhost` SQL SECURITY DEFINER VIEW `estudiantesdeonce`  AS SELECT `e`.`apellidos` AS `apellidos`, `e`.`nombres` AS `nombres`, `e`.`idestudiantes` AS `idestudiantes` FROM `estudiantes` AS `e` WHERE `e`.`grado` like '11''11'  ;

-- --------------------------------------------------------

--
-- Estructura para la vista `login`
--
DROP TABLE IF EXISTS `login`;

CREATE ALGORITHM=UNDEFINED DEFINER=`root`@`localhost` SQL SECURITY DEFINER VIEW `login`  AS SELECT `estudiantes`.`nombres` AS `nombres`, `estudiantes`.`apellidos` AS `apellidos`, `estudiantes`.`idestudiantes` AS `idestudiantes` FROM `estudiantes``estudiantes`  ;

-- --------------------------------------------------------

--
-- Estructura para la vista `permisoestudiante`
--
DROP TABLE IF EXISTS `permisoestudiante`;

CREATE ALGORITHM=UNDEFINED DEFINER=`root`@`localhost` SQL SECURITY DEFINER VIEW `permisoestudiante`  AS SELECT `e`.`nombres` AS `nombres`, `e`.`apellidos` AS `apellidos`, `e`.`grado` AS `grado`, `c`.`motivo` AS `motivo`, `e`.`idestudiantes` AS `idestudiantes` FROM (`estudiantes` `e` join `citas` `c`) WHERE `e`.`idestudiantes` = `c`.`idEstudiante` AND `e`.`nombres` like 'm%''m%'  ;

-- --------------------------------------------------------

--
-- Estructura para la vista `problemamatematicaestudiante`
--
DROP TABLE IF EXISTS `problemamatematicaestudiante`;

CREATE ALGORITHM=UNDEFINED DEFINER=`root`@`localhost` SQL SECURITY DEFINER VIEW `problemamatematicaestudiante`  AS SELECT `e`.`apellidos` AS `apellidos`, `e`.`nombres` AS `nombres`, `e`.`idestudiantes` AS `idestudiantes`, `c`.`asignatura` AS `asignatura` FROM (`estudiantes` `e` join `citas` `c`) WHERE `e`.`idestudiantes` = `c`.`idEstudiante` AND `c`.`asignatura` like 'Matematicas''Matematicas'  ;

--
-- Índices para tablas volcadas
--

--
-- Indices de la tabla `citas`
--
ALTER TABLE `citas`
  ADD PRIMARY KEY (`idCitas`),
  ADD KEY `idProfesor` (`idProfesor`),
  ADD KEY `idEstudiante` (`idEstudiante`);

--
-- Indices de la tabla `estudiantes`
--
ALTER TABLE `estudiantes`
  ADD PRIMARY KEY (`idestudiantes`);

--
-- Indices de la tabla `profesores`
--
ALTER TABLE `profesores`
  ADD PRIMARY KEY (`idProfesor`);

--
-- Restricciones para tablas volcadas
--

--
-- Filtros para la tabla `citas`
--
ALTER TABLE `citas`
  ADD CONSTRAINT `citas_ibfk_1` FOREIGN KEY (`idProfesor`) REFERENCES `profesores` (`idProfesor`),
  ADD CONSTRAINT `idEstudiante` FOREIGN KEY (`idEstudiante`) REFERENCES `estudiantes` (`idestudiantes`) ON DELETE NO ACTION ON UPDATE NO ACTION;
COMMIT;

/*!40101 SET CHARACTER_SET_CLIENT=@OLD_CHARACTER_SET_CLIENT */;
/*!40101 SET CHARACTER_SET_RESULTS=@OLD_CHARACTER_SET_RESULTS */;
/*!40101 SET COLLATION_CONNECTION=@OLD_COLLATION_CONNECTION */;
